-- phpMyAdmin SQL Dump
-- version 5.0.2
-- https://www.phpmyadmin.net/
--
-- Host: 127.0.0.1
-- Waktu pembuatan: 12 Apr 2021 pada 03.48
-- Versi server: 10.4.13-MariaDB
-- Versi PHP: 7.4.8

SET SQL_MODE = "NO_AUTO_VALUE_ON_ZERO";
START TRANSACTION;
SET time_zone = "+00:00";


/*!40101 SET @OLD_CHARACTER_SET_CLIENT=@@CHARACTER_SET_CLIENT */;
/*!40101 SET @OLD_CHARACTER_SET_RESULTS=@@CHARACTER_SET_RESULTS */;
/*!40101 SET @OLD_COLLATION_CONNECTION=@@COLLATION_CONNECTION */;
/*!40101 SET NAMES utf8mb4 */;

--
-- Database: `jeniusar`
--

-- --------------------------------------------------------

--
-- Struktur dari tabel `licence`
--

CREATE TABLE `licence` (
  `id` bigint(20) UNSIGNED NOT NULL,
  `licence` varchar(255) COLLATE utf8mb4_unicode_ci NOT NULL,
  `user_id` bigint(20) UNSIGNED DEFAULT NULL,
  `created_at` timestamp NULL DEFAULT current_timestamp(),
  `updated_at` timestamp NULL DEFAULT current_timestamp()
) ENGINE=InnoDB DEFAULT CHARSET=utf8mb4 COLLATE=utf8mb4_unicode_ci;

--
-- Dumping data untuk tabel `licence`
--

INSERT INTO `licence` (`id`, `licence`, `user_id`, `created_at`, `updated_at`) VALUES
(1, 'asdfghjkl', 2, '2021-03-09 17:05:20', '2021-03-09 17:05:20'),
(2, '9AScu8WXTFxPFLVP6EnH', 8, '2021-03-09 17:05:20', '2021-03-09 17:05:20'),
(3, 'MvH0pvoJZT8Cd1lOXpbz', 79, '2021-03-09 17:05:20', '2021-04-08 03:44:54'),
(4, 'cuPBm2wUfTXV7Gr0r6ce', NULL, '2021-03-09 17:05:20', '2021-03-09 17:05:20'),
(5, 'Tb8Nn0MxgXDZujvW2kMf', 22, '2021-03-09 17:05:20', '2021-03-09 17:05:20'),
(6, 'HKs9MH4FNCRkri83jqz6', NULL, '2021-03-09 17:05:20', '2021-03-09 17:05:20'),
(7, 'QM94qJ8uYEzQxmLkAWOo', NULL, '2021-03-09 17:05:20', '2021-03-09 17:05:20'),
(8, 'LCsEPGTLaRotqy0xOcFU', 20, '2021-03-09 17:05:20', '2021-03-09 17:05:20'),
(9, 'pX8ydoPPb1YKztE9o5nx', NULL, '2021-03-09 17:05:20', '2021-03-09 17:05:20'),
(10, 'Ph7v63KVUPoHmRwaSltp', NULL, '2021-03-09 17:05:20', '2021-03-09 17:05:20'),
(11, 'n6Ng2bZ3tSNzQqE3lprD', NULL, '2021-03-09 17:05:20', '2021-03-09 17:05:20'),
(12, 'nxT8zNNRqYWB62mzv0Qo', NULL, '2021-03-09 17:05:20', '2021-03-09 17:05:20'),
(13, 'PXyZekqOB3ijhybryjWz', NULL, '2021-03-09 17:05:20', '2021-03-09 17:05:20'),
(14, 'LhiiOlW5D2qU78AGqgCB', NULL, '2021-03-09 17:05:20', '2021-03-09 17:05:20'),
(15, 'fwdNtInp1Cukf8n5C1Vv', NULL, '2021-03-09 17:05:20', '2021-03-09 17:05:20'),
(16, 'IBxh7s1IkWpcnNbw1i9X', NULL, '2021-03-09 17:05:20', '2021-03-09 17:05:20'),
(17, '17FgiRa7Qjf6TWYK1hE4', NULL, '2021-03-09 17:05:20', '2021-03-09 17:05:20'),
(18, '05DBYehugeEsPyZRmVeH', NULL, '2021-03-09 17:05:20', '2021-03-09 17:05:20'),
(19, 'gnYDv7lRj2G4BRc6cvUp', NULL, '2021-03-09 17:05:20', '2021-03-09 17:05:20'),
(20, 'eHtfo2TZ1PXdsT2PQhdb', NULL, '2021-03-09 17:05:20', '2021-03-09 17:05:20'),
(21, 'k1vD3IWHKQQBbOeTDkF5', NULL, '2021-03-09 17:05:20', '2021-03-09 17:05:20'),
(22, 'jeW00V3tQoHDjIvmopyB', NULL, '2021-03-09 17:05:20', '2021-03-09 17:05:20'),
(23, 'G1OZ2PAgeyLHMfYCUcdm', NULL, '2021-03-09 17:05:20', '2021-03-09 17:05:20'),
(24, 'iT2s4i7XBmsHjqkCoyix', NULL, '2021-03-09 17:05:20', '2021-03-09 17:05:20'),
(25, 'W0ehihzxUW5NLwfuh1E0', NULL, '2021-03-09 17:05:20', '2021-03-09 17:05:20'),
(26, 'fDLc7t9yV5kKTHoFZQtC', NULL, '2021-03-09 17:05:20', '2021-03-09 17:05:20'),
(27, 'd6uLqtq3pq5YiVTmiNxS', NULL, '2021-03-09 17:05:20', '2021-03-09 17:05:20'),
(28, '7BC0cmFCz46f6OoeIIFG', NULL, '2021-03-09 17:05:20', '2021-03-09 17:05:20'),
(29, 'szXxtH3ijIGGTRCa3di8', NULL, '2021-03-09 17:05:20', '2021-03-09 17:05:20'),
(30, 'f8qu3MEuDQc1ObXLCkpP', NULL, '2021-03-09 17:05:20', '2021-03-09 17:05:20'),
(31, 'DjGZQ2GqAfC3ay8uAcZh', NULL, '2021-03-09 17:05:20', '2021-03-09 17:05:20'),
(32, 'jR5O7zcUStSE0fXgRkXy', NULL, '2021-03-09 17:05:20', '2021-03-09 17:05:20'),
(33, 'UG6E1LCIL8pk01HqiCUy', NULL, '2021-03-09 17:05:20', '2021-03-09 17:05:20'),
(34, 'etFTRUwpzFNR9nBjlIF0', NULL, '2021-03-09 17:05:20', '2021-03-09 17:05:20'),
(35, 'kDkOGfe7PIyruOLwTSjb', NULL, '2021-03-09 17:05:20', '2021-03-09 17:05:20'),
(36, '9sWNYCdQCHYXZSoNqFqS', NULL, '2021-03-09 17:05:20', '2021-03-09 17:05:20'),
(37, 'yOESudGYIhL4Xs81Zkt7', NULL, '2021-03-09 17:05:20', '2021-03-09 17:05:20'),
(38, 'RgfRPQZgM8lT41DsCAJl', NULL, '2021-03-09 17:05:20', '2021-03-09 17:05:20'),
(39, 'ezTfXbFWLYNe7TVSMikB', NULL, '2021-03-09 17:05:20', '2021-03-09 17:05:20'),
(40, 'S5IVhowHESDLKU0CyyWU', NULL, '2021-03-09 17:05:20', '2021-03-09 17:05:20'),
(41, 'NOLp2wRpO5FV8KNg1hhh', NULL, '2021-03-09 17:05:20', '2021-03-09 17:05:20'),
(42, 'k1yvdZ5Ay6OW3Mj1KfrI', NULL, '2021-03-09 17:05:20', '2021-03-09 17:05:20'),
(43, 'tL89lMzI6gOFTZaMlQ1l', NULL, '2021-03-09 17:05:20', '2021-03-09 17:05:20'),
(44, 'pnUuPpQQfX3MyRyUgaV4', NULL, '2021-03-09 17:05:20', '2021-03-09 17:05:20'),
(45, '7vkWXTHgxhMNj37mn2UG', NULL, '2021-03-09 17:05:20', '2021-03-09 17:05:20'),
(46, 'OfjeDoGlwDjlwjgZafAn', NULL, '2021-03-09 17:05:20', '2021-03-09 17:05:20'),
(47, 'gNVIfnrWc0NiEp322sUj', 38, '2021-03-09 17:05:20', '2021-03-09 17:05:20'),
(48, 'TxXUgPJtxy9D6CyB0QqI', NULL, '2021-03-09 17:05:20', '2021-03-09 17:05:20'),
(49, 'MrxMTo8ekIF7b9TX6uec', NULL, '2021-03-09 17:05:20', '2021-03-09 17:05:20'),
(50, 'IqU2G9H4CZIUojmh4zU6', NULL, '2021-03-09 17:05:20', '2021-03-09 17:05:20'),
(51, '5ZHOWWa5o2oxFwqAS9ms', NULL, '2021-03-09 17:05:20', '2021-03-09 17:05:20'),
(52, 'HrhiDCh3gyb4xPFkRKwJ', NULL, '2021-03-09 17:05:20', '2021-03-09 17:05:20'),
(53, 'bP1pD29lBQU53oF0OKSW', NULL, '2021-03-09 17:05:20', '2021-03-09 17:05:20'),
(54, 'rJcxw3RWqWTIx69ee1IK', NULL, '2021-03-09 17:05:20', '2021-03-09 17:05:20'),
(55, 'FcQIIlPcvfS53LOoaypG', NULL, '2021-03-09 17:05:20', '2021-03-09 17:05:20'),
(56, 'rOWpiNJgwNcOjStEkibh', NULL, '2021-03-09 17:05:20', '2021-03-09 17:05:20'),
(57, '93sOfqeoD3m3T7MTwIv9', 57, '2021-03-09 17:05:20', '2021-03-09 17:05:20'),
(58, 'ptn4rhZhl1kJC5nXyeTZ', NULL, '2021-03-09 17:05:20', '2021-03-09 17:05:20'),
(59, 'FWrTP664S7ppTflbBJ1q', NULL, '2021-03-09 17:05:20', '2021-03-09 17:05:20'),
(60, 'exyJKQQRjruvW1DZ9Ync', NULL, '2021-03-09 17:05:20', '2021-03-09 17:05:20'),
(61, 'U9TLGh4yVwme1hBxVmuo', 48, '2021-03-09 17:05:20', '2021-03-09 17:05:20'),
(62, 'C46pauFNFsZjNFzNlXTH', NULL, '2021-03-09 17:05:20', '2021-03-09 17:05:20'),
(63, 'sGkhwmAmRSambY1sE5l7', 37, '2021-03-09 17:05:20', '2021-03-09 17:05:20'),
(64, '8sBFIYiOjz0nfJFI6f1g', NULL, '2021-03-09 17:05:20', '2021-03-09 17:05:20'),
(65, 'PG3MAGD25sfKGyQE4WVV', NULL, '2021-03-09 17:05:20', '2021-03-09 17:05:20'),
(66, 'qnS3FOsSgDHRt5K1Vc2e', NULL, '2021-03-09 17:05:20', '2021-03-09 17:05:20'),
(67, 'zEDnrDLQlynZbkBtaYsb', NULL, '2021-03-09 17:05:20', '2021-03-09 17:05:20'),
(68, 'lWZ0HFmPrWhGtWzYdsWK', NULL, '2021-03-09 17:05:20', '2021-03-09 17:05:20'),
(69, 'eX0IXhZiaK3k5g5lriUQ', NULL, '2021-03-09 17:05:20', '2021-03-09 17:05:20'),
(70, 'x07qKaOG5435W9WfxetQ', NULL, '2021-03-09 17:05:20', '2021-03-09 17:05:20'),
(71, 'Lnjv4zM2TGskBvsv300g', 31, '2021-03-09 17:05:20', '2021-03-09 17:05:20'),
(72, '8Oe6K3YEj176UVvCMWMv', NULL, '2021-03-09 17:05:20', '2021-03-09 17:05:20'),
(73, 'pqZAOh4Be7r4g7bmAegm', 33, '2021-03-09 17:05:20', '2021-03-09 17:05:20'),
(74, 'PPROlRaa5S2kd6FULwTH', NULL, '2021-03-09 17:05:20', '2021-03-09 17:05:20'),
(75, 'OytsEMGom6cQtm8Xi9Ld', NULL, '2021-03-09 17:05:20', '2021-03-09 17:05:20'),
(76, 'rMEVChBmHu3vLkdoTI3i', NULL, '2021-03-09 17:05:20', '2021-03-09 17:05:20'),
(77, 'rMHePCw01nPlTzbx2zQw', NULL, '2021-03-09 17:05:20', '2021-03-09 17:05:20'),
(78, 'qqBSHq2bLI7jmdPe3EuE', NULL, '2021-03-09 17:05:20', '2021-03-09 17:05:20'),
(79, 'tw9FMEefqa6gvqscqD0C', NULL, '2021-03-09 17:05:20', '2021-03-09 17:05:20'),
(80, 'zsb1n3jf5JzNP8r9qGfV', 46, '2021-03-09 17:05:20', '2021-03-09 17:05:20'),
(81, 'biCP6rSLzliMxLYFisvm', NULL, '2021-03-09 17:05:20', '2021-03-09 17:05:20'),
(82, '3qBA1DlYFyMEWvbiHEkX', NULL, '2021-03-09 17:05:20', '2021-03-09 17:05:20'),
(83, 'uEgZp4QkYE7VS6ajKYGW', NULL, '2021-03-09 17:05:20', '2021-03-09 17:05:20'),
(84, 'C8tW3IoM9vPhTMRLYXIL', NULL, '2021-03-09 17:05:20', '2021-03-09 17:05:20'),
(85, 'ac2MPMXa15mAF0eUI9R8', NULL, '2021-03-09 17:05:20', '2021-03-09 17:05:20'),
(86, 'dXYMWMpdO3JQyIFRwxyb', NULL, '2021-03-09 17:05:20', '2021-03-09 17:05:20'),
(87, 'CQrJmwpIysMZqUOfCdDs', NULL, '2021-03-09 17:05:20', '2021-03-09 17:05:20'),
(88, '7Ck9CcglIOLa5mnkMs8E', NULL, '2021-03-09 17:05:20', '2021-03-09 17:05:20'),
(89, 'PdYkt0O1O6BlFjMILNuo', NULL, '2021-03-09 17:05:20', '2021-03-09 17:05:20'),
(90, 'YAsthw0aWas9YUz3YPQr', NULL, '2021-03-09 17:05:20', '2021-03-09 17:05:20'),
(91, '30CJmA1472CwbzRHuwIo', NULL, '2021-03-09 17:05:20', '2021-03-09 17:05:20'),
(92, 'P1TQUsVcxLsknjn1hBvy', NULL, '2021-03-09 17:05:20', '2021-03-09 17:05:20'),
(93, 'Ce8pzrf7nPZBGDbSMoQ7', 11, '2021-03-09 17:05:20', '2021-03-09 17:05:20'),
(94, 'KMR48TTJmbgpG5uNRYdn', NULL, '2021-03-09 17:05:20', '2021-03-09 17:05:20'),
(95, '7H6aDgFSCgzJLGbZq2CD', NULL, '2021-03-09 17:05:20', '2021-03-09 17:05:20'),
(96, '1Tp7psxxXbVHReVQFQRs', NULL, '2021-03-09 17:05:20', '2021-03-09 17:05:20'),
(97, 'ZagrIwsrqskRR7R2dTSn', NULL, '2021-03-09 17:05:20', '2021-03-09 17:05:20'),
(98, 'BHrWR38tdljCyJAvAhwD', NULL, '2021-03-09 17:05:20', '2021-03-09 17:05:20'),
(99, 'tWfEf0K9FXERPxyReZYx', NULL, '2021-03-09 17:05:20', '2021-03-09 17:05:20'),
(100, 'MIlmytA8bJIuqdWtRKgk', NULL, '2021-03-09 17:05:20', '2021-03-09 17:05:20'),
(101, 'd9iGhyNCF9IYuLp7Uy9g', NULL, '2021-03-09 17:05:20', '2021-03-09 17:05:20'),
(102, 'ohQPvYR2ElfQdtVJwd7T', NULL, '2021-03-09 17:05:20', '2021-03-09 17:05:20'),
(103, 'nKDPpEnnPPiPk5EKjlqN', NULL, '2021-03-09 17:05:20', '2021-03-09 17:05:20'),
(104, 'YTZDwtdw0BMipwKZajFk', NULL, '2021-03-09 17:05:20', '2021-03-09 17:05:20'),
(105, '684jeRu7o6PYarZ1DXkg', NULL, '2021-03-09 17:05:20', '2021-03-09 17:05:20'),
(106, 'CJMmKgfgJtwWNjvwncxg', 44, '2021-03-09 17:05:20', '2021-03-09 17:05:20'),
(107, 'KjsBzc9x2uwYJxvKbpML', NULL, '2021-03-09 17:05:20', '2021-03-09 17:05:20'),
(108, 'FKMIRbSBT5ZhXYS56jKe', NULL, '2021-03-09 17:05:20', '2021-03-09 17:05:20'),
(109, 'oXrR9S1NQcFXDXWNaHIV', NULL, '2021-03-09 17:05:20', '2021-03-09 17:05:20'),
(110, '0ybsRxR0wLEZck55kYrM', NULL, '2021-03-09 17:05:20', '2021-03-09 17:05:20'),
(111, 'BAA9mbEikDJIo6N6NXyB', NULL, '2021-03-09 17:05:20', '2021-03-09 17:05:20'),
(112, 'rOYyy1sqhr4Q5cOSQo6A', NULL, '2021-03-09 17:05:20', '2021-03-09 17:05:20'),
(113, 'gFzvL3jjf2GXDUVhRxh7', NULL, '2021-03-09 17:05:20', '2021-03-09 17:05:20'),
(114, 'xYnyvZGaISCDaczL0Wpv', NULL, '2021-03-09 17:05:20', '2021-03-09 17:05:20'),
(115, 'iKZnomc7hImjYLORpOML', NULL, '2021-03-09 17:05:20', '2021-03-09 17:05:20'),
(116, '6KtuTwTpoGadjwEeBSEk', NULL, '2021-03-09 17:05:20', '2021-03-09 17:05:20'),
(117, 'LlBhiW2uXbluLGNnZ3Qg', NULL, '2021-03-09 17:05:20', '2021-03-09 17:05:20'),
(118, 'hhPJUvocqMwgyxl0aDtC', NULL, '2021-03-09 17:05:20', '2021-03-09 17:05:20'),
(119, 'RXbtZUU6pOZMdq804viJ', 67, '2021-03-09 17:05:20', '2021-03-09 17:05:20'),
(120, 'Xf35U3UNFQ7KZuM7D6mY', NULL, '2021-03-09 17:05:20', '2021-03-09 17:05:20'),
(121, 'Max3FH7CTww5z8HhQb9X', NULL, '2021-03-09 17:05:20', '2021-03-09 17:05:20'),
(122, 'wjlEAXp3IXu4nyVABig2', NULL, '2021-03-09 17:05:20', '2021-03-09 17:05:20'),
(123, 'T6zt0r4mji4FDRu8LulQ', 62, '2021-03-09 17:05:20', '2021-03-09 17:05:20'),
(124, 'ed9WrUktm7shBf5l5JSL', NULL, '2021-03-09 17:05:20', '2021-03-09 17:05:20'),
(125, 'Uovj7MXw9GmA8wz3ZbrL', NULL, '2021-03-09 17:05:20', '2021-03-09 17:05:20'),
(126, 'nnesG9iNputWNeIf5nE5', NULL, '2021-03-09 17:05:20', '2021-03-09 17:05:20'),
(127, 'VC8eJVjzgOsKma8z7KU6', NULL, '2021-03-09 17:05:20', '2021-03-09 17:05:20'),
(128, '3ODmoXe8RWumgSUWTa9G', NULL, '2021-03-09 17:05:20', '2021-03-09 17:05:20'),
(129, 'QUvaAzvOZQNYp867stcI', NULL, '2021-03-09 17:05:20', '2021-03-09 17:05:20'),
(130, 'hXhKb0MZXMkAMOY58Npn', NULL, '2021-03-09 17:05:20', '2021-03-09 17:05:20'),
(131, 'UVn37k0cIY3nluvO2Uag', NULL, '2021-03-09 17:05:20', '2021-03-09 17:05:20'),
(132, 'a2XFBJV44AGKK6Dn2hTy', NULL, '2021-03-09 17:05:20', '2021-03-09 17:05:20'),
(133, 'lITIy63B7I706ZZrqfwT', NULL, '2021-03-09 17:05:20', '2021-03-09 17:05:20'),
(134, 'eUWKjhFu7e5eFoZmFLGk', NULL, '2021-03-09 17:05:20', '2021-03-09 17:05:20'),
(135, 'YImLsH2V1j9z0awg1lGJ', NULL, '2021-03-09 17:05:20', '2021-03-09 17:05:20'),
(136, 'XgkpX7DZUZnwHff4qODo', NULL, '2021-03-09 17:05:20', '2021-03-09 17:05:20'),
(137, 'prMaiEHa8iACt7cn0D80', NULL, '2021-03-09 17:05:20', '2021-03-09 17:05:20'),
(138, 'RhQDKGCoA6bl6oQsH4za', NULL, '2021-03-09 17:05:20', '2021-03-09 17:05:20'),
(139, 'SBWierSRngXa7EYqlahp', 39, '2021-03-09 17:05:20', '2021-03-09 17:05:20'),
(140, '3pe5AlK8lkOTwaqSPElv', NULL, '2021-03-09 17:05:20', '2021-03-09 17:05:20'),
(141, 'yRZlRUSvKmbbD3pHrEnD', NULL, '2021-03-09 17:05:20', '2021-03-09 17:05:20'),
(142, 'cgd6pZBfLulyWsj1HmEZ', NULL, '2021-03-09 17:05:20', '2021-03-09 17:05:20'),
(143, 'V9PUQXemf0sSv853pijn', NULL, '2021-03-09 17:05:20', '2021-03-09 17:05:20'),
(144, 'rfggw5X12D1rduIfSxPt', NULL, '2021-03-09 17:05:20', '2021-03-09 17:05:20'),
(145, 'S5WtccdKfVCvzvUFFEBT', 4, '2021-03-09 17:05:20', '2021-03-09 17:05:20'),
(146, 'aLdn2iQTcxFtscY1Ixhj', NULL, '2021-03-09 17:05:20', '2021-03-09 17:05:20'),
(147, 'XdEIivikvC1B7E7kI56u', NULL, '2021-03-09 17:05:20', '2021-03-09 17:05:20'),
(148, 'mVKD1Ir0arMi41tK14qL', NULL, '2021-03-09 17:05:20', '2021-03-09 17:05:20'),
(149, 'RYwhGQmqwfoaiuR23LEi', NULL, '2021-03-09 17:05:20', '2021-03-09 17:05:20'),
(150, 'Q1jau4Vv3En38Z6lDSGZ', NULL, '2021-03-09 17:05:20', '2021-03-09 17:05:20'),
(151, 'LOdkbyCSTyFmmEU7SssC', NULL, '2021-03-09 17:05:20', '2021-03-09 17:05:20'),
(152, 'gGsvl8qYZs2FKVX0dDQe', NULL, '2021-03-09 17:05:20', '2021-03-09 17:05:20'),
(153, 'xdgYnhgJDOlj7qBw6LJd', 74, '2021-03-09 17:05:20', '2021-03-09 17:05:20'),
(154, 'bODGXXlowUqCVt615y7M', NULL, '2021-03-09 17:05:20', '2021-03-09 17:05:20'),
(155, 'A0Y5qAoCt0Y1DcMv6P8F', NULL, '2021-03-09 17:05:20', '2021-03-09 17:05:20'),
(156, 'WAJw78LQUYF8e3LnTMzf', 47, '2021-03-09 17:05:20', '2021-03-09 17:05:20'),
(157, '6hmFGmVuiGRMKGe5yau2', 70, '2021-03-09 17:05:20', '2021-03-09 17:05:20'),
(158, '1f8oiCEG2Tef42l4gCIu', NULL, '2021-03-09 17:05:20', '2021-03-09 17:05:20'),
(159, 'U08gA8IebFkM03Sb9hg7', NULL, '2021-03-09 17:05:20', '2021-03-09 17:05:20'),
(160, 'qUoFJdTZxdqZ5jJ0i9s7', 76, '2021-03-09 17:05:20', '2021-03-09 17:05:20'),
(161, 'nuMAiWbn4XmOUGtCBC5y', NULL, '2021-03-09 17:05:20', '2021-03-09 17:05:20'),
(162, '9XQEG02IDuBkyOaTrOtz', NULL, '2021-03-09 17:05:20', '2021-03-09 17:05:20'),
(163, 'hXvVAwwMzdbFsIuNalwy', 25, '2021-03-09 17:05:20', '2021-03-09 17:05:20'),
(164, 'PpLSIZELBS0dk5WGP1Es', NULL, '2021-03-09 17:05:20', '2021-03-09 17:05:20'),
(165, 'XmQrPdcqVfAxqfAt1hXf', NULL, '2021-03-09 17:05:20', '2021-03-09 17:05:20'),
(166, 'jaj8WD3VYDgNF90Tl6yv', NULL, '2021-03-09 17:05:20', '2021-03-09 17:05:20'),
(167, 'LHuFxiQwWmlrv6kDMfFa', NULL, '2021-03-09 17:05:20', '2021-03-09 17:05:20'),
(168, 'B3ZWY96oe5BmtLjvYriY', 58, '2021-03-09 17:05:20', '2021-03-09 17:05:20'),
(169, 'hcfxeQLt8S2nVOPVjO9w', NULL, '2021-03-09 17:05:20', '2021-03-09 17:05:20'),
(170, 'fEOin06kh9A5AGm0tFoy', NULL, '2021-03-09 17:05:20', '2021-03-09 17:05:20'),
(171, 'lv23F01UA5xOA8PgZK7S', NULL, '2021-03-09 17:05:20', '2021-03-09 17:05:20'),
(172, 'dSKSm8eyQubFPbv4hZ9v', NULL, '2021-03-09 17:05:20', '2021-03-09 17:05:20'),
(173, '9PxzBgyThLUxvMLDJlxI', NULL, '2021-03-09 17:05:20', '2021-03-09 17:05:20'),
(174, 'NWCG17MggurLWXjtWeqW', 42, '2021-03-09 17:05:20', '2021-03-09 17:05:20'),
(175, 'YIS60wDJfidx9rEaEE4C', NULL, '2021-03-09 17:05:20', '2021-03-09 17:05:20'),
(176, 'HEYAYRcuqSOK5dWAdXpd', NULL, '2021-03-09 17:05:20', '2021-03-09 17:05:20'),
(177, 'DQDHnijTFdyjkfae5jlv', NULL, '2021-03-09 17:05:20', '2021-03-09 17:05:20'),
(178, 'j6JAxrDDa5NnqckBoASf', NULL, '2021-03-09 17:05:20', '2021-03-09 17:05:20'),
(179, 'dH6bMg5QLAwh3uosWkz8', NULL, '2021-03-09 17:05:20', '2021-03-09 17:05:20'),
(180, 'BUR7wdjm1Syj3AbvSzP4', NULL, '2021-03-09 17:05:20', '2021-03-09 17:05:20'),
(181, 'qPUXb37S4qhtYSu43gsL', NULL, '2021-03-09 17:05:20', '2021-03-09 17:05:20'),
(182, 'KnUoFYE8KT9C84FzUyze', 56, '2021-03-09 17:05:20', '2021-03-09 17:05:20'),
(183, '2G9Pe7yyVwqHbqUNKre5', NULL, '2021-03-09 17:05:20', '2021-03-09 17:05:20'),
(184, 'w8o4GhSrEhL82ox1SPvx', NULL, '2021-03-09 17:05:20', '2021-03-09 17:05:20'),
(185, 'Ayf8PXt9NnQSyIGk40pC', NULL, '2021-03-09 17:05:20', '2021-03-09 17:05:20'),
(186, 'NoVJfsbD5O52lGflkkIA', NULL, '2021-03-09 17:05:20', '2021-03-09 17:05:20'),
(187, '3QmgGR7UYeM2gJLb1xGb', NULL, '2021-03-09 17:05:20', '2021-03-09 17:05:20'),
(188, 'y1OQvnWW73c5OcSLCuYF', 34, '2021-03-09 17:05:20', '2021-03-09 17:05:20'),
(189, 'wr1kTTfCM72xrfTsApJL', NULL, '2021-03-09 17:05:20', '2021-03-09 17:05:20'),
(190, 'bZ7th53gCdiSe7DnRWNw', 55, '2021-03-09 17:05:20', '2021-03-09 17:05:20'),
(191, '9V00AQ1192r8JTm5Yx14', NULL, '2021-03-09 17:05:20', '2021-03-09 17:05:20'),
(192, 'jfI9EtK285xtgEG3rnAX', NULL, '2021-03-09 17:05:20', '2021-03-09 17:05:20'),
(193, 'NG9vxrbIxAKHQkB1RVNC', NULL, '2021-03-09 17:05:20', '2021-03-09 17:05:20'),
(194, 'B5dUHjmwYEJbgpD3Bdcz', NULL, '2021-03-09 17:05:20', '2021-03-09 17:05:20'),
(195, 'gWmPcz3YPxoWiDE0urNe', NULL, '2021-03-09 17:05:20', '2021-03-09 17:05:20'),
(196, 'b2eRv9g8ro41MHeu2ooN', NULL, '2021-03-09 17:05:20', '2021-03-09 17:05:20'),
(197, 'HqJmtR896FyhU8TFqnvu', NULL, '2021-03-09 17:05:20', '2021-03-09 17:05:20'),
(198, 'udNCNfbqWo9UaL7DYCHC', NULL, '2021-03-09 17:05:20', '2021-03-09 17:05:20'),
(199, 'FhybAww9ELUmgz6crvnp', NULL, '2021-03-09 17:05:20', '2021-03-09 17:05:20'),
(200, 'JXooTbsdhNoSFKteDTmZ', NULL, '2021-03-09 17:05:20', '2021-03-09 17:05:20'),
(201, 'dlOQNWPSySkWAkwBcn1g', NULL, '2021-03-09 17:05:20', '2021-03-09 17:05:20'),
(202, 'XkXEMrZ0B3zNKq6GsU6v', NULL, '2021-03-09 17:05:20', '2021-03-09 17:05:20'),
(203, 'gp7rEC1Bj20s8VHXMNWa', 68, '2021-03-09 17:05:20', '2021-03-09 17:05:20'),
(204, 'I890ioqwLwTrR5nTThPv', NULL, '2021-03-09 17:05:20', '2021-03-09 17:05:20'),
(205, 'NhCi5O5l8vdRtBtU8im9', NULL, '2021-03-09 17:05:20', '2021-03-09 17:05:20'),
(206, 'PtwDt6ABu5ZK7vMWdtxZ', NULL, '2021-03-09 17:05:20', '2021-03-09 17:05:20'),
(207, 'p3Z09IrsOHJTOqWyVPPa', NULL, '2021-03-09 17:05:20', '2021-03-09 17:05:20'),
(208, 'LuDGwyogdmFSmbeX0m5I', NULL, '2021-03-09 17:05:20', '2021-03-09 17:05:20'),
(209, 'mI7yVGEX3nYWkw2hPgdz', NULL, '2021-03-09 17:05:20', '2021-03-09 17:05:20'),
(210, 'VfDrFMALOO5al8oILvyw', NULL, '2021-03-09 17:05:20', '2021-03-09 17:05:20'),
(211, '4f2jpM4zjAMTa2lz0kvX', NULL, '2021-03-09 17:05:20', '2021-03-09 17:05:20'),
(212, 'vO8QnhIjwmyni5dCu3BC', NULL, '2021-03-09 17:05:20', '2021-03-09 17:05:20'),
(213, '6bNP2tTKeIlbfqUG150T', NULL, '2021-03-09 17:05:20', '2021-03-09 17:05:20'),
(214, 'HXQmi87x5CJQRyZxekGR', NULL, '2021-03-09 17:05:20', '2021-03-09 17:05:20'),
(215, '1dUkV6gl0k1ZAOzQ4q7U', 63, '2021-03-09 17:05:20', '2021-03-09 17:05:20'),
(216, 'wTu25E3K7jvnZQCsjwmn', NULL, '2021-03-09 17:05:20', '2021-03-09 17:05:20'),
(217, 'gn651ouqUrLmOFB8dmXQ', NULL, '2021-03-09 17:05:20', '2021-03-09 17:05:20'),
(218, 'M06sezwslr3ZrjEvpueI', NULL, '2021-03-09 17:05:20', '2021-03-09 17:05:20'),
(219, 'qRPTsLQLakjbHxJJpLr3', NULL, '2021-03-09 17:05:20', '2021-03-09 17:05:20'),
(220, 'cj4WbB7E5RM6F6D97lhM', NULL, '2021-03-09 17:05:20', '2021-03-09 17:05:20'),
(221, 'MEzrVzAFEewV0MzDlX6G', NULL, '2021-03-09 17:05:20', '2021-03-09 17:05:20'),
(222, 'uT9Og6P32rwZu06bGCo7', NULL, '2021-03-09 17:05:20', '2021-03-09 17:05:20'),
(223, 'EVa2xlu2224I3sB9Iy7X', NULL, '2021-03-09 17:05:20', '2021-03-09 17:05:20'),
(224, 'azUdaYFGg7eE2M2ZqW3I', NULL, '2021-03-09 17:05:20', '2021-03-09 17:05:20'),
(225, 'lgQkBbeKgTPGiAUyQXVR', NULL, '2021-03-09 17:05:20', '2021-03-09 17:05:20'),
(226, 'KIQwOnbNpWEk3zMpuz95', NULL, '2021-03-09 17:05:20', '2021-03-09 17:05:20'),
(227, '9keW3CkBBwmSWd4PrlHs', NULL, '2021-03-09 17:05:20', '2021-03-09 17:05:20'),
(228, 'rxJPkgS1nvDajMSsrBZ4', NULL, '2021-03-09 17:05:20', '2021-03-09 17:05:20'),
(229, '76UMAMRPHH1VoHbXGLVB', NULL, '2021-03-09 17:05:20', '2021-03-09 17:05:20'),
(230, 'eZGCTzorTnq0hvTPKNMJ', NULL, '2021-03-09 17:05:20', '2021-03-09 17:05:20'),
(231, 'FLR1AvNmRewST0w8iYfh', NULL, '2021-03-09 17:05:20', '2021-03-09 17:05:20'),
(232, 'Nt26tompz0p8VlPINaAP', 65, '2021-03-09 17:05:20', '2021-03-09 17:05:20'),
(233, 'yYVPTLDh7vZeMhn3OI23', NULL, '2021-03-09 17:05:20', '2021-03-09 17:05:20'),
(234, 'RSfWpKAeC9ymrcnLikJf', NULL, '2021-03-09 17:05:20', '2021-03-09 17:05:20'),
(235, 'qxhbkz8l6V3teX75sEec', NULL, '2021-03-09 17:05:20', '2021-03-09 17:05:20'),
(236, 'RDMQeUq09pp8Vz96Pl3k', NULL, '2021-03-09 17:05:20', '2021-03-09 17:05:20'),
(237, 'BET9zCrsfm0gWt6iTHvL', NULL, '2021-03-09 17:05:20', '2021-03-09 17:05:20'),
(238, 'xk9fYIGisHRQAib0DOu2', NULL, '2021-03-09 17:05:20', '2021-03-09 17:05:20'),
(239, 'S2bsDz5qVtmaWjGln96f', NULL, '2021-03-09 17:05:20', '2021-03-09 17:05:20'),
(240, 'pa9nYJuovro0HmqAzRPV', NULL, '2021-03-09 17:05:20', '2021-03-09 17:05:20'),
(241, 'ikBhJWuZyzSkkQuKKgdh', NULL, '2021-03-09 17:05:20', '2021-03-09 17:05:20'),
(242, 'p6Toq9CTVGSIXEgRa3rK', NULL, '2021-03-09 17:05:20', '2021-03-09 17:05:20'),
(243, 'sSyil1gJNOGBuvQfo9Cu', NULL, '2021-03-09 17:05:20', '2021-03-09 17:05:20'),
(244, 'ITuA7ReGoOZge3eS6bvf', NULL, '2021-03-09 17:05:20', '2021-03-09 17:05:20'),
(245, 'S94jKPPaEdD0bkTAOWo1', NULL, '2021-03-09 17:05:20', '2021-03-09 17:05:20'),
(246, '1YI1ZHJfbkWsUkZKXfkw', NULL, '2021-03-09 17:05:20', '2021-03-09 17:05:20'),
(247, 'MXFHoZoUL3ocV7RGIf1u', NULL, '2021-03-09 17:05:20', '2021-03-09 17:05:20'),
(248, 'tgrnPOe3FFE65T1v79EB', NULL, '2021-03-09 17:05:20', '2021-03-09 17:05:20'),
(249, 'easjrsBXHW9qZ9KfXGQ7', NULL, '2021-03-09 17:05:20', '2021-03-09 17:05:20'),
(250, 'PG4Bgk7ioQp344HjVT4K', NULL, '2021-03-09 17:05:20', '2021-03-09 17:05:20'),
(251, 'G71j9M5uLrtk1LLjJWKB', NULL, '2021-03-09 17:05:20', '2021-03-09 17:05:20'),
(252, 'fS3WtNnVObqSmDJfshq7', NULL, '2021-03-09 17:05:20', '2021-03-09 17:05:20'),
(253, 'usOzZSSHj7KJuV0Ur3gy', NULL, '2021-03-09 17:05:20', '2021-03-09 17:05:20'),
(254, '26TisynFB155oshTQ2vh', NULL, '2021-03-09 17:05:20', '2021-03-09 17:05:20'),
(255, 'BY9VhziLQbD5DWQCLph4', 61, '2021-03-09 17:05:20', '2021-03-09 17:05:20'),
(256, 'rd5exlmzmPygHsS5iAFn', NULL, '2021-03-09 17:05:20', '2021-03-09 17:05:20'),
(257, 'lWep2chFYVzNedr2Yi9o', NULL, '2021-03-09 17:05:20', '2021-03-09 17:05:20'),
(258, 'Flfsr9YGHiPGqmtdzsRK', NULL, '2021-03-09 17:05:20', '2021-03-09 17:05:20'),
(259, 'zGzopql4ZO8Jx1dVg070', NULL, '2021-03-09 17:05:20', '2021-03-09 17:05:20'),
(260, 'PLYWA69kFy9kMCCMxICR', NULL, '2021-03-09 17:05:20', '2021-03-09 17:05:20'),
(261, 'aWVU3WWZJo4rgiLczJX1', 16, '2021-03-09 17:05:20', '2021-03-09 17:05:20'),
(262, 'zW9pKV5x5ORM3OtIK4T8', NULL, '2021-03-09 17:05:20', '2021-03-09 17:05:20'),
(263, '3OY4cJ36xmgLihhJJAva', NULL, '2021-03-09 17:05:20', '2021-03-09 17:05:20'),
(264, 't2QdjcV0X1RCVqmOz1Bz', NULL, '2021-03-09 17:05:20', '2021-03-09 17:05:20'),
(265, 'XuEnpxTnQmMH4zietSGJ', NULL, '2021-03-09 17:05:20', '2021-03-09 17:05:20'),
(266, 'nFRaSG2sRbIofH0Y53v7', NULL, '2021-03-09 17:05:20', '2021-03-09 17:05:20'),
(267, 'fkDfYvBGuutWGEbTdDrx', NULL, '2021-03-09 17:05:20', '2021-03-09 17:05:20'),
(268, 'Xnz6XnmKI23F5dBvMfXZ', NULL, '2021-03-09 17:05:20', '2021-03-09 17:05:20'),
(269, 'AhPvaUe4X93BWSILr8dy', NULL, '2021-03-09 17:05:20', '2021-03-09 17:05:20'),
(270, '8k5WzCcYeJJo2mTEBt3g', NULL, '2021-03-09 17:05:20', '2021-03-09 17:05:20'),
(271, 'UTiWyN1q6ua8J0XhNOyp', NULL, '2021-03-09 17:05:20', '2021-03-09 17:05:20'),
(272, 'wpntyGihpJopza79uokb', NULL, '2021-03-09 17:05:20', '2021-03-09 17:05:20'),
(273, 'JdO4MJuDnCN2UvJeiwQ1', NULL, '2021-03-09 17:05:20', '2021-03-09 17:05:20'),
(274, 'nppjHPRii6hWBdDi5Pgs', NULL, '2021-03-09 17:05:20', '2021-03-09 17:05:20'),
(275, 'ikOCAkzyAQxUnjjsF7e3', NULL, '2021-03-09 17:05:20', '2021-03-09 17:05:20'),
(276, 'ZqX7LwCqXUBeBhIYGcDt', NULL, '2021-03-09 17:05:20', '2021-03-09 17:05:20'),
(277, 'yddjogWkJVVgp1ij4ATc', NULL, '2021-03-09 17:05:20', '2021-03-09 17:05:20'),
(278, 'qSEtI2BfKaBX1TY1ezlk', NULL, '2021-03-09 17:05:20', '2021-03-09 17:05:20'),
(279, 'FMw3XVlLHcSaeLmKLkUs', NULL, '2021-03-09 17:05:20', '2021-03-09 17:05:20'),
(280, 'uCy13ybLZsU6yerrbuJT', NULL, '2021-03-09 17:05:20', '2021-03-09 17:05:20'),
(281, '7Z1jmHXkyUuqr2fPP8y6', NULL, '2021-03-09 17:05:20', '2021-03-09 17:05:20'),
(282, 'gMJnH7uCd454uRFVFrqd', NULL, '2021-03-09 17:05:20', '2021-03-09 17:05:20'),
(283, 'GsYHzjh6OUUf9HENpN87', NULL, '2021-03-09 17:05:20', '2021-03-09 17:05:20'),
(284, 'Cp8f8w7JSOGMlGT3aQ0W', NULL, '2021-03-09 17:05:20', '2021-03-09 17:05:20'),
(285, 'Ju5PHRuqPcdVdTaJ3KD6', NULL, '2021-03-09 17:05:20', '2021-03-09 17:05:20'),
(286, 'AW9piChG21voI7XVzHdm', NULL, '2021-03-09 17:05:20', '2021-03-09 17:05:20'),
(287, '8bE0rINtH8iC3IfBKZ2L', NULL, '2021-03-09 17:05:20', '2021-03-09 17:05:20'),
(288, 'etz7y7T2Of4u7jRWuqm4', NULL, '2021-03-09 17:05:20', '2021-03-09 17:05:20'),
(289, 'MxILJYQGz0o2AThVu2a8', NULL, '2021-03-09 17:05:20', '2021-03-09 17:05:20'),
(290, 'GhlKA4xmrIQOaepiZJGi', NULL, '2021-03-09 17:05:20', '2021-03-09 17:05:20'),
(291, 'Tj7dUDZhR13xfmZVriUB', NULL, '2021-03-09 17:05:20', '2021-03-09 17:05:20'),
(292, 'V83nU9gCTgJ8VgXyN85j', NULL, '2021-03-09 17:05:20', '2021-03-09 17:05:20'),
(293, 'ib2LIwx4x7YPigCPaLZM', NULL, '2021-03-09 17:05:20', '2021-03-09 17:05:20'),
(294, 'L5ybHCTjWuzwaFnllSec', NULL, '2021-03-09 17:05:20', '2021-03-09 17:05:20'),
(295, 'ePfILs2AzVIsAx646CLh', NULL, '2021-03-09 17:05:20', '2021-03-09 17:05:20'),
(296, 'siPbDZEXeIqpvdkrtYjH', NULL, '2021-03-09 17:05:20', '2021-03-09 17:05:20'),
(297, '8IbQtn4naIqceK97dzBG', NULL, '2021-03-09 17:05:20', '2021-03-09 17:05:20'),
(298, 'Ww4RTukTdjx7C78IHPOy', NULL, '2021-03-09 17:05:20', '2021-03-09 17:05:20'),
(299, 'CzKM0REUVtwVpJQyT2Uq', NULL, '2021-03-09 17:05:20', '2021-03-09 17:05:20'),
(300, 'NpOgcc2PIqQHVlPT2KPm', NULL, '2021-03-09 17:05:20', '2021-03-09 17:05:20'),
(301, 'kxPr773XVNf8NVW1bnx9', NULL, '2021-03-09 17:05:20', '2021-03-09 17:05:20'),
(302, 'yemiTR3fsdkJxK2VX8Ag', NULL, '2021-03-09 17:05:20', '2021-03-09 17:05:20'),
(303, 'uNg6V5NS687ZIWgMFAXE', NULL, '2021-03-09 17:05:20', '2021-03-09 17:05:20'),
(304, 'esjBGq0jfBIkfqWSipDk', NULL, '2021-03-09 17:05:20', '2021-03-09 17:05:20'),
(305, 'wSBiEOG0RiluCy1vloYc', NULL, '2021-03-09 17:05:20', '2021-03-09 17:05:20'),
(306, 'qDjiPb2dB9g2PivpX3pw', NULL, '2021-03-09 17:05:20', '2021-03-09 17:05:20'),
(307, 'BIgbJi8Ms2Roi1dfk6ur', NULL, '2021-03-09 17:05:20', '2021-03-09 17:05:20'),
(308, 'HdjwiE3WM80u48SvdL7c', NULL, '2021-03-09 17:05:20', '2021-03-09 17:05:20'),
(309, 'Qag9ZCk61L1H6JKomiEF', 27, '2021-03-09 17:05:20', '2021-03-09 17:05:20'),
(310, 's5Pha4LHSjHlEyArssvO', NULL, '2021-03-09 17:05:20', '2021-03-09 17:05:20'),
(311, 'MwaQymlvxcTRZr1iUNrD', NULL, '2021-03-09 17:05:20', '2021-03-09 17:05:20'),
(312, 'eg3oOXmByvkjhDMfU7ES', NULL, '2021-03-09 17:05:20', '2021-03-09 17:05:20'),
(313, 'FE45L3fuevbqi5GBISH2', NULL, '2021-03-09 17:05:20', '2021-03-09 17:05:20'),
(314, 'b2TTu2f4MbNKwX13iFFS', NULL, '2021-03-09 17:05:20', '2021-03-09 17:05:20'),
(315, '8HmkBmv2C0fTcH44qIsB', NULL, '2021-03-09 17:05:20', '2021-03-09 17:05:20'),
(316, 'HmKWPws3G2hhaNcw7Nqj', NULL, '2021-03-09 17:05:20', '2021-03-09 17:05:20'),
(317, 'd0L62FQNFiQVt0Q0t0St', NULL, '2021-03-09 17:05:20', '2021-03-09 17:05:20'),
(318, 'vmsh1BpCBYlNq08mCQnt', NULL, '2021-03-09 17:05:20', '2021-03-09 17:05:20'),
(319, '3O7uuJ99ILC8Nxk6UNHz', NULL, '2021-03-09 17:05:20', '2021-03-09 17:05:20'),
(320, 'hpk14LT20MmVIGQmcXCh', NULL, '2021-03-09 17:05:20', '2021-03-09 17:05:20'),
(321, 'fFj3h6ZYCjDWsQBBq9ZQ', NULL, '2021-03-09 17:05:20', '2021-03-09 17:05:20'),
(322, 'GyILyFGBj27GrEAdXbUL', NULL, '2021-03-09 17:05:20', '2021-03-09 17:05:20'),
(323, 'RDPcA6kpx8E7gkv7Lkay', 30, '2021-03-09 17:05:20', '2021-03-09 17:05:20'),
(324, 'bcREGDuXaFPrUozmlkBZ', 43, '2021-03-09 17:05:20', '2021-03-09 17:05:20'),
(325, 'ojeBPPb9poNj52Z2NpSR', NULL, '2021-03-09 17:05:20', '2021-03-09 17:05:20'),
(326, 'p3XFpXEzchGl56uilFtM', NULL, '2021-03-09 17:05:20', '2021-03-09 17:05:20'),
(327, 'pkFnGbBpNtLhU3GMtB7K', NULL, '2021-03-09 17:05:20', '2021-03-09 17:05:20'),
(328, 'FSmBf0x8IPGqdIYSuwi1', NULL, '2021-03-09 17:05:20', '2021-03-09 17:05:20'),
(329, 'NwMePBiqZYeV60da3Pax', NULL, '2021-03-09 17:05:20', '2021-03-09 17:05:20'),
(330, 'UCJVAWOJ5mQnjGBdM0me', NULL, '2021-03-09 17:05:20', '2021-03-09 17:05:20'),
(331, '1OF7KoOCfIzS6aMWoEdh', NULL, '2021-03-09 17:05:20', '2021-03-09 17:05:20'),
(332, 'qScD1u7bLpnFDs6UkOXd', 19, '2021-03-09 17:05:20', '2021-03-09 17:05:20'),
(333, 'EExToMd6fur7qHyJvA3B', 35, '2021-03-09 17:05:20', '2021-03-09 17:05:20'),
(334, 'AXY5LtMAJuw3lSMUPjwy', NULL, '2021-03-09 17:05:20', '2021-03-09 17:05:20'),
(335, 'XOB63R7p4667QcuT8gbt', NULL, '2021-03-09 17:05:20', '2021-03-09 17:05:20'),
(336, '3qaxyAC4Ew3cZqpF4ryr', NULL, '2021-03-09 17:05:20', '2021-03-09 17:05:20'),
(337, 'F0XseBmRidwWvunDbxjO', NULL, '2021-03-09 17:05:20', '2021-03-09 17:05:20'),
(338, 'bIzgmleq2dbwm3ba67W7', NULL, '2021-03-09 17:05:20', '2021-03-09 17:05:20'),
(339, '5BKCrWs8WerjUN3atTST', 52, '2021-03-09 17:05:20', '2021-03-09 17:05:20'),
(340, 'BODrDX61Lgq4uJx1WKew', NULL, '2021-03-09 17:05:20', '2021-03-09 17:05:20'),
(341, '8BaxnXjP5r9HWkYAc8RG', NULL, '2021-03-09 17:05:20', '2021-03-09 17:05:20'),
(342, 'GuYIB9RjiqDGQkEJLtxj', NULL, '2021-03-09 17:05:20', '2021-03-09 17:05:20'),
(343, 'ZZlKNXmywrucUZKVY4ak', NULL, '2021-03-09 17:05:20', '2021-03-09 17:05:20'),
(344, '7xlMVo9nNr8oc1Gka31T', NULL, '2021-03-09 17:05:20', '2021-03-09 17:05:20'),
(345, 'n7tlKaik3Yzwpp8kr33d', NULL, '2021-03-09 17:05:20', '2021-03-09 17:05:20'),
(346, 'dlXS2ONArhr9Q84cSvo2', NULL, '2021-03-09 17:05:20', '2021-03-09 17:05:20'),
(347, '5DdzYy5ivFh74gJBDIc2', NULL, '2021-03-09 17:05:20', '2021-03-09 17:05:20'),
(348, 'DH7vExGMCk8lo2GpdiRx', NULL, '2021-03-09 17:05:20', '2021-03-09 17:05:20'),
(349, 'swLU4LvDDHfHEbYfFVvY', NULL, '2021-03-09 17:05:20', '2021-03-09 17:05:20'),
(350, 'oxpMCHTi2o2CaWUWlCgA', NULL, '2021-03-09 17:05:20', '2021-03-09 17:05:20'),
(351, 'oWoEqQJuNY2rG1WsJjBM', NULL, '2021-03-09 17:05:20', '2021-03-09 17:05:20'),
(352, 'EBuIdhioT5cBCjMiBb2w', NULL, '2021-03-09 17:05:20', '2021-03-09 17:05:20'),
(353, 'utExzItNNH8SpO7AyP6j', NULL, '2021-03-09 17:05:20', '2021-03-09 17:05:20'),
(354, 'DTlskHhRDHbz9PcvfYCV', NULL, '2021-03-09 17:05:20', '2021-03-09 17:05:20'),
(355, 'l2CUPnWSLCL2CFT9H0FK', NULL, '2021-03-09 17:05:20', '2021-03-09 17:05:20'),
(356, '34X9xmXBD1lVsO0Q8OO5', NULL, '2021-03-09 17:05:20', '2021-03-09 17:05:20'),
(357, 'NywdK9dRebupYNUL4ZAx', NULL, '2021-03-09 17:05:20', '2021-03-09 17:05:20'),
(358, '9vHJevNa4sBc45u7or7h', 59, '2021-03-09 17:05:20', '2021-03-09 17:05:20'),
(359, 'B7GN9ZPoI5p8hRfBBCtQ', NULL, '2021-03-09 17:05:20', '2021-03-09 17:05:20'),
(360, 'tm8dkWnUVnw4H0DGz1JE', NULL, '2021-03-09 17:05:20', '2021-03-09 17:05:20'),
(361, '4NiPrlPmX38ekshkCJkr', NULL, '2021-03-09 17:05:20', '2021-03-09 17:05:20'),
(362, 'W4A6UNiqqSMDoBmsGslC', NULL, '2021-03-09 17:05:20', '2021-03-09 17:05:20'),
(363, '7bAY8PiBK0MEAC2fuCHW', 69, '2021-03-09 17:05:20', '2021-03-09 17:05:20'),
(364, '1xuBLBjGO7s5dk94z2gq', NULL, '2021-03-09 17:05:20', '2021-03-09 17:05:20'),
(365, 'Oj3ZdJITz38gmkdUjn81', NULL, '2021-03-09 17:05:20', '2021-03-09 17:05:20'),
(366, 'BdgqMwCAlilI53K6WfUx', NULL, '2021-03-09 17:05:20', '2021-03-09 17:05:20'),
(367, 'X8rJeHGxewgRyN4Xim3z', 21, '2021-03-09 17:05:20', '2021-03-09 17:05:20'),
(368, 'cvDozlhs5wSa2nudm1Fn', NULL, '2021-03-09 17:05:20', '2021-03-09 17:05:20'),
(369, '7gRZWWAltlfiTHMptaJ0', 73, '2021-03-09 17:05:20', '2021-03-09 17:05:20'),
(370, 'OiwkrM50LRAt1alYDJEQ', 1, '2021-03-09 17:05:20', '2021-03-09 17:05:20'),
(371, '9nmts0CrHVs9ISOtFtCh', NULL, '2021-03-09 17:05:20', '2021-03-09 17:05:20'),
(372, 'tJFqd0oXHHTsVIB3Xqdv', NULL, '2021-03-09 17:05:20', '2021-03-09 17:05:20'),
(373, '8pTN97XnjCEcsx3nyZfX', NULL, '2021-03-09 17:05:20', '2021-03-09 17:05:20'),
(374, 'd0h5kM476rrZmbajJ47X', NULL, '2021-03-09 17:05:20', '2021-03-09 17:05:20'),
(375, 'apbYb8fnlGlma7NzLtnt', NULL, '2021-03-09 17:05:20', '2021-03-09 17:05:20'),
(376, 'qZq8lM1TWp3uqFa3EXB3', NULL, '2021-03-09 17:05:20', '2021-03-09 17:05:20'),
(377, 'k2EtSHRGGqRdQWvZDT9C', NULL, '2021-03-09 17:05:20', '2021-03-09 17:05:20'),
(378, 'RAl85LABvbvEFntOR7OZ', NULL, '2021-03-09 17:05:20', '2021-03-09 17:05:20'),
(379, '2zn6DcAEglWkqwaa2JpB', 64, '2021-03-09 17:05:20', '2021-03-09 17:05:20'),
(380, 'p5s6u6QbwMWKI8OARa7T', NULL, '2021-03-09 17:05:20', '2021-03-09 17:05:20'),
(381, 'G3uooEmuVjAoSGGyrw0W', 14, '2021-03-09 17:05:20', '2021-03-09 17:05:20'),
(382, '0qrKkVwyt9oMHBrSTiq8', 15, '2021-03-09 17:05:20', '2021-03-09 17:05:20'),
(383, 'eODh8X8Rb9YqSaVAB4dL', NULL, '2021-03-09 17:05:20', '2021-03-09 17:05:20'),
(384, 'BxJ2dyp16DmIQ0YYPQnM', NULL, '2021-03-09 17:05:20', '2021-03-09 17:05:20'),
(385, 'QS167LNBhBLHXmDJCszP', NULL, '2021-03-09 17:05:20', '2021-03-09 17:05:20'),
(386, '4goRGQtipQw63oNuDlHu', NULL, '2021-03-09 17:05:20', '2021-03-09 17:05:20'),
(387, 'mzuOxu9kHhw5ElNhOy0r', 66, '2021-03-09 17:05:20', '2021-03-09 17:05:20'),
(388, 'YHm1swdC2LsIl9xgLloT', 5, '2021-03-09 17:05:20', '2021-03-09 17:05:20'),
(389, 'fNorQwnccfBaHVOkBBbW', NULL, '2021-03-09 17:05:20', '2021-03-09 17:05:20'),
(390, 'OFDCOaI07FZGl9WJrExJ', 26, '2021-03-09 17:05:20', '2021-03-09 17:05:20'),
(391, 'R98BaBsjE0115X2hlrgK', 29, '2021-03-09 17:05:20', '2021-03-09 17:05:20'),
(392, 'dxzJgL4AVjLxP1SodAv7', 40, '2021-03-09 17:05:20', '2021-03-09 17:05:20'),
(393, 'a36HASp7sPpb0LSRMK6t', NULL, '2021-03-09 17:05:20', '2021-03-09 17:05:20'),
(394, 'DFRrXWBfyezRCj7TGULH', NULL, '2021-03-09 17:05:20', '2021-03-09 17:05:20'),
(395, 'Dp4KEFmBX5oEf0Y2ZCTt', NULL, '2021-03-09 17:05:20', '2021-03-09 17:05:20'),
(396, 'f716zMY88LSCb4d37uSn', NULL, '2021-03-09 17:05:20', '2021-03-09 17:05:20'),
(397, 'kYpvBk2SD7IcT5wYsQlq', NULL, '2021-03-09 17:05:20', '2021-03-09 17:05:20'),
(398, 'lftmniCzKwoi5HqTJ4c5', NULL, '2021-03-09 17:05:20', '2021-03-09 17:05:20'),
(399, 'Uu1cFGT2YOvgZmp6QQAD', 24, '2021-03-09 17:05:20', '2021-03-09 17:05:20'),
(400, 'dagNMT0rl7eoPw5ofidg', NULL, '2021-03-09 17:05:20', '2021-03-09 17:05:20'),
(401, 'Zwhc8F9GAjwqEIkZ9EKI', 54, '2021-03-09 17:05:20', '2021-03-09 17:05:20'),
(402, 'fiiiZ4AjSuSf2B1FLmr0', NULL, '2021-03-09 17:05:20', '2021-03-09 17:05:20'),
(403, 'pJW8BdmhFNNfKPKgRZhw', NULL, '2021-03-09 17:05:20', '2021-03-09 17:05:20'),
(404, 'W3lI0TqQ0fRP2JcgUjGA', NULL, '2021-03-09 17:05:20', '2021-03-09 17:05:20'),
(405, 'Sfxcslyp2Zx6duvp4sBa', NULL, '2021-03-09 17:05:20', '2021-03-09 17:05:20'),
(406, 'tMRCHBnAqcTMKFxjOGq2', NULL, '2021-03-09 17:05:20', '2021-03-09 17:05:20'),
(407, 'hIxZM8v5jX0Zk3yrBZ87', NULL, '2021-03-09 17:05:20', '2021-03-09 17:05:20'),
(408, 'yBvOxJyqsHpqW0tsAKfp', NULL, '2021-03-09 17:05:20', '2021-03-09 17:05:20'),
(409, 'iz5Em7QHD9SHoj441ROh', NULL, '2021-03-09 17:05:20', '2021-03-09 17:05:20'),
(410, 'otMgvuPrY7Ssa3iRrY5P', NULL, '2021-03-09 17:05:20', '2021-03-09 17:05:20'),
(411, 'Zofw99oHMYXphg1diXdC', NULL, '2021-03-09 17:05:20', '2021-03-09 17:05:20'),
(412, 'WkahAxgTdWakeDqva6fn', NULL, '2021-03-09 17:05:20', '2021-03-09 17:05:20'),
(413, 'bxWIhdOuCJh6aO8mHPFV', NULL, '2021-03-09 17:05:20', '2021-03-09 17:05:20'),
(414, 'gb7f013wWatb3YGdgi7w', NULL, '2021-03-09 17:05:20', '2021-03-09 17:05:20'),
(415, 'CKhugzmzS6ryDHOvORaH', NULL, '2021-03-09 17:05:20', '2021-03-09 17:05:20'),
(416, 'vnJSaR4XiNCcsPQotSN6', NULL, '2021-03-09 17:05:20', '2021-03-09 17:05:20'),
(417, 'ZAGqE9R1lF7NWio386zE', NULL, '2021-03-09 17:05:20', '2021-03-09 17:05:20'),
(418, 'LF1wj5LCoGSaNr6dmyc4', NULL, '2021-03-09 17:05:20', '2021-03-09 17:05:20'),
(419, 'wenIxLDO1VNoOdRq2UbP', NULL, '2021-03-09 17:05:20', '2021-03-09 17:05:20'),
(420, 'I1njngX4ajQEiiY4OERG', NULL, '2021-03-09 17:05:20', '2021-03-09 17:05:20'),
(421, '4BhHAgLpfcJSzAdihIsP', NULL, '2021-03-09 17:05:20', '2021-03-09 17:05:20'),
(422, 'eBLcUhpKyw7elx6EsRAi', NULL, '2021-03-09 17:05:20', '2021-03-09 17:05:20'),
(423, 'Fhw3gAgDTZKZkPonyOr3', NULL, '2021-03-09 17:05:20', '2021-03-09 17:05:20'),
(424, '5YZYlbl44k4GEnY2tPi5', NULL, '2021-03-09 17:05:20', '2021-03-09 17:05:20'),
(425, '82FRudyKQz4NlARZd3nG', NULL, '2021-03-09 17:05:20', '2021-03-09 17:05:20'),
(426, 'oZWjnhVo0IO03BD76pG9', NULL, '2021-03-09 17:05:20', '2021-03-09 17:05:20'),
(427, 'F8emie5PTXGWxsonkIiR', NULL, '2021-03-09 17:05:20', '2021-03-09 17:05:20'),
(428, '0I1s6KItif00PI2izkaF', NULL, '2021-03-09 17:05:20', '2021-03-09 17:05:20'),
(429, 'x0yG4KCVbyA7qsVwPjJt', NULL, '2021-03-09 17:05:20', '2021-03-09 17:05:20'),
(430, 'dGu7DVm528YftlQ0o81h', NULL, '2021-03-09 17:05:20', '2021-03-09 17:05:20'),
(431, 'lIiTftPIdg5WXE4SaM5x', NULL, '2021-03-09 17:05:20', '2021-03-09 17:05:20'),
(432, 'oEeDgAvDnBBwqdlIvRPE', NULL, '2021-03-09 17:05:20', '2021-03-09 17:05:20'),
(433, 'Xlid7901ChE62PbE1zjq', NULL, '2021-03-09 17:05:20', '2021-03-09 17:05:20'),
(434, 'WkdO0wmQldqlYKaQDeNC', NULL, '2021-03-09 17:05:20', '2021-03-09 17:05:20'),
(435, 'CqvjyIaLipAvdLTUltl9', NULL, '2021-03-09 17:05:20', '2021-03-09 17:05:20'),
(436, 'DrjAB1Oz8KkCx3fJTdbz', NULL, '2021-03-09 17:05:20', '2021-03-09 17:05:20'),
(437, '7aSPipq5xZFVQNZuoRuE', NULL, '2021-03-09 17:05:20', '2021-03-09 17:05:20'),
(438, '6HNjoDMGobVmzer2Wy5P', NULL, '2021-03-09 17:05:20', '2021-03-09 17:05:20'),
(439, 'Ukncbrhe6moNInWGV32N', NULL, '2021-03-09 17:05:20', '2021-03-09 17:05:20'),
(440, 'atg24SVFRCyTSzRhrePX', NULL, '2021-03-09 17:05:20', '2021-03-09 17:05:20'),
(441, 'FRoGVXZtfNu3OpF7lK5l', NULL, '2021-03-09 17:05:20', '2021-03-09 17:05:20'),
(442, 'eZoAdKuWoPTi2QFBwc4X', NULL, '2021-03-09 17:05:20', '2021-03-09 17:05:20'),
(443, 'oF9I7PxpF5tvp8u1bb9y', NULL, '2021-03-09 17:05:20', '2021-03-09 17:05:20'),
(444, 'eNVraVP62DMec1WyjMB2', 75, '2021-03-09 17:05:20', '2021-03-09 17:05:20'),
(445, 'k3vx3G0GQ0rwmzDqZIhK', NULL, '2021-03-09 17:05:20', '2021-03-09 17:05:20'),
(446, 'QTAx1Vhx59v3T7S7yQBt', NULL, '2021-03-09 17:05:20', '2021-03-09 17:05:20'),
(447, 'BZpj8cMgJTVyH87gRqfM', NULL, '2021-03-09 17:05:20', '2021-03-09 17:05:20'),
(448, 'HOnO6ZxbO4VgKTH11kA0', NULL, '2021-03-09 17:05:20', '2021-03-09 17:05:20'),
(449, 'Eod2YmDJ3bKbwFf1ejIU', NULL, '2021-03-09 17:05:20', '2021-03-09 17:05:20'),
(450, '0l6F27ozfyQyUql5iLhE', NULL, '2021-03-09 17:05:20', '2021-03-09 17:05:20'),
(451, 'c1u2pyzU0NEnV6Iq72Zj', 9, '2021-03-09 17:05:20', '2021-03-09 17:05:20'),
(452, 'J3cuUu9ocoKkVJibRCvW', NULL, '2021-03-09 17:05:20', '2021-03-09 17:05:20'),
(453, 'A7ovJq4Ootr7bWF4YIix', NULL, '2021-03-09 17:05:20', '2021-03-09 17:05:20'),
(454, 'Mp7mYmlMGxJrVkOdLdw0', NULL, '2021-03-09 17:05:20', '2021-03-09 17:05:20'),
(455, '8HmMexeM1fRoeOlhPqsG', NULL, '2021-03-09 17:05:20', '2021-03-09 17:05:20'),
(456, 'sZglHBiU43CxqJAwAXFI', NULL, '2021-03-09 17:05:20', '2021-03-09 17:05:20'),
(457, 'DiDTyY1TCZy34773BDJO', 51, '2021-03-09 17:05:20', '2021-03-09 17:05:20'),
(458, 'ZCc2soiA2gHZLpqZPaeC', NULL, '2021-03-09 17:05:20', '2021-03-09 17:05:20'),
(459, 'CqxUrga8la3PYbMarEjh', NULL, '2021-03-09 17:05:20', '2021-03-09 17:05:20'),
(460, '87AZ50BMolDWD4Pnua2o', NULL, '2021-03-09 17:05:20', '2021-03-09 17:05:20'),
(461, 'MNBst3L8jcbUBMiGTIFY', NULL, '2021-03-09 17:05:20', '2021-03-09 17:05:20'),
(462, 'cSNcn59MOr7QecTnC5Va', NULL, '2021-03-09 17:05:20', '2021-03-09 17:05:20'),
(463, 'SuwLq4cQmBgn1sjnrCtz', NULL, '2021-03-09 17:05:20', '2021-03-09 17:05:20'),
(464, 'U7tuPXTua4msr5JtWQzw', NULL, '2021-03-09 17:05:20', '2021-03-09 17:05:20'),
(465, '4shdyHh5Bb271IFhcZIY', NULL, '2021-03-09 17:05:20', '2021-03-09 17:05:20'),
(466, 'jbo0eIdsyIsl08YCC3IN', NULL, '2021-03-09 17:05:20', '2021-03-09 17:05:20'),
(467, 'rSRSykJi19WHruSAN35D', NULL, '2021-03-09 17:05:20', '2021-03-09 17:05:20'),
(468, 'GAd9Ikp4HousYZ37BMmi', NULL, '2021-03-09 17:05:20', '2021-03-09 17:05:20'),
(469, '1FHXkQzwvLyl3LkxFNsY', NULL, '2021-03-09 17:05:20', '2021-03-09 17:05:20'),
(470, 'a9iJFG0jn62tLai7lzR5', NULL, '2021-03-09 17:05:20', '2021-03-09 17:05:20'),
(471, 'oMUq62QynFwTKDySxRrt', NULL, '2021-03-09 17:05:20', '2021-03-09 17:05:20'),
(472, 'ZA9tN7V9WnnY0UA8FzDV', NULL, '2021-03-09 17:05:20', '2021-03-09 17:05:20'),
(473, 'uoEIlKlvUuECIFG8OQyP', NULL, '2021-03-09 17:05:20', '2021-03-09 17:05:20'),
(474, 'a0aFVagWDjgWWx92n4X3', NULL, '2021-03-09 17:05:20', '2021-03-09 17:05:20'),
(475, 'UCXCksIjTgV02OBgK2Lz', NULL, '2021-03-09 17:05:20', '2021-03-09 17:05:20'),
(476, '5X4UgpCSCPBPTmdwnb7g', NULL, '2021-03-09 17:05:20', '2021-03-09 17:05:20'),
(477, 'HBBNjsQFREcOG3LPemvs', NULL, '2021-03-09 17:05:20', '2021-03-09 17:05:20'),
(478, 'uOgNrMfyYxff2BJNEUZg', NULL, '2021-03-09 17:05:20', '2021-03-09 17:05:20'),
(479, 'LLHNoWABYGd2Crlx2hkt', NULL, '2021-03-09 17:05:20', '2021-03-09 17:05:20'),
(480, 'OD6SKWTsuSHpRuB2pnl4', 3, '2021-03-09 17:05:20', '2021-03-09 17:05:20'),
(481, '4wiu3628UGbgczKyeHtB', NULL, '2021-03-09 17:05:20', '2021-03-09 17:05:20'),
(482, 'moFDyJLBfyxzmBwCygCR', NULL, '2021-03-09 17:05:20', '2021-03-09 17:05:20'),
(483, 'wmjGTqd7K9qP9zbzfWJQ', NULL, '2021-03-09 17:05:20', '2021-03-09 17:05:20'),
(484, 'nlYToS7ZYgYJLyq9ik6n', NULL, '2021-03-09 17:05:20', '2021-03-09 17:05:20'),
(485, 'fwMInDp63kgkWwktLpKy', 45, '2021-03-09 17:05:20', '2021-03-09 17:05:20'),
(486, 'Z9pG9nGUr3YWmdjeUTfh', NULL, '2021-03-09 17:05:20', '2021-03-09 17:05:20'),
(487, '60PtFeLxuwcdAmCx6Zpg', NULL, '2021-03-09 17:05:20', '2021-03-09 17:05:20'),
(488, 'xkVOOTYjWbjEI9kqCdHS', NULL, '2021-03-09 17:05:20', '2021-03-09 17:05:20'),
(489, 'Q7Vct8miNruW4CNDoNdt', NULL, '2021-03-09 17:05:20', '2021-03-09 17:05:20'),
(490, 'QYAnka554spdXwQZQ7oT', NULL, '2021-03-09 17:05:20', '2021-03-09 17:05:20'),
(491, '7BZhQboL124VaMAYWdgQ', 13, '2021-03-09 17:05:20', '2021-03-09 17:05:20'),
(492, '1LOOP9NhgWtfU0HVn5rc', NULL, '2021-03-09 17:05:20', '2021-03-09 17:05:20'),
(493, 'OySlhlytLpEnVaXDv9b7', NULL, '2021-03-09 17:05:20', '2021-03-09 17:05:20'),
(494, 'RZS5jb498kDPv3nHFZx6', NULL, '2021-03-09 17:05:20', '2021-03-09 17:05:20'),
(495, 'cO93xj8afvPXCqbkpUhd', NULL, '2021-03-09 17:05:20', '2021-03-09 17:05:20'),
(496, '0SKHAfuE6gzkv8eUjQpI', NULL, '2021-03-09 17:05:20', '2021-03-09 17:05:20'),
(497, 'MHwsM2dJ4wSiHsYKZ90p', 60, '2021-03-09 17:05:20', '2021-03-09 17:05:20'),
(498, 'dRo0P06LgK7eyu00n722', 49, '2021-03-09 17:05:20', '2021-03-09 17:05:20'),
(499, 'eXnwKjOBr2FxIkj5aaYN', 53, '2021-03-09 17:05:20', '2021-03-09 17:05:20'),
(500, 'yw3LLS8kGjf8lGA64yz3', NULL, '2021-03-09 17:05:20', '2021-03-09 17:05:20'),
(501, '8qo2VdpecpKqeCdhpURG', 7, '2021-03-09 17:05:20', '2021-03-09 17:05:20'),
(502, 'uh7GFyZ4JE54sqYCiold', NULL, '2021-03-09 17:05:20', '2021-03-09 17:05:20'),
(503, 'WI4RK23kRntQlEd4FGkx', NULL, '2021-03-09 17:05:20', '2021-03-09 17:05:20'),
(504, '08xeXa6lftnAEGPnTp1W', NULL, '2021-03-09 17:05:20', '2021-03-09 17:05:20'),
(505, 'FPO6YHXuPb3eKwSIOlTg', NULL, '2021-03-09 17:05:20', '2021-03-09 17:05:20'),
(506, 'u6TwOWeaUeuQh9orjLzE', NULL, '2021-03-09 17:05:20', '2021-03-09 17:05:20'),
(507, 'ZrJKzqswmq4fru3eVoG2', NULL, '2021-03-09 17:05:20', '2021-03-09 17:05:20'),
(508, 'pbkIEmYrYMDQZMg4u8Q7', NULL, '2021-03-09 17:05:20', '2021-03-09 17:05:20'),
(509, '2ZMcZwNBTKSiWId4mLhB', NULL, '2021-03-09 17:05:20', '2021-03-09 17:05:20'),
(510, 'VQJfWt4X4hHnk2N0s66E', NULL, '2021-03-09 17:05:20', '2021-03-09 17:05:20'),
(511, 'YqR8RZYINtLffPMlXbkK', NULL, '2021-03-09 17:05:20', '2021-03-09 17:05:20'),
(512, '2kjte4IKaTI4WyxaA2uk', NULL, '2021-03-09 17:05:20', '2021-03-09 17:05:20'),
(513, 'w9njHFL8FUu7vP2UJX6r', NULL, '2021-03-09 17:05:20', '2021-03-09 17:05:20'),
(514, '0PE2LT5TF3yLSbkihx0C', NULL, '2021-03-09 17:05:20', '2021-03-09 17:05:20'),
(515, '65aNODY0aNkrb2IzbZnR', NULL, '2021-03-09 17:05:20', '2021-03-09 17:05:20'),
(516, 'OPyj1JfTxNeYZm8a3BKJ', NULL, '2021-03-09 17:05:20', '2021-03-09 17:05:20'),
(517, 'jaDy2q40wiS2HJXLSDSl', NULL, '2021-03-09 17:05:20', '2021-03-09 17:05:20'),
(518, 'TzZdtTiOxmSsx9ONu2bj', NULL, '2021-03-09 17:05:20', '2021-03-09 17:05:20'),
(519, 'MRa6nVbOPrEV2MKNim64', 23, '2021-03-09 17:05:20', '2021-03-09 17:05:20'),
(520, 'yf9RyszJzFIhyCjtqyNu', NULL, '2021-03-09 17:05:20', '2021-03-09 17:05:20'),
(521, 'i7ECqH4lT3PPWckImyEE', NULL, '2021-03-09 17:05:20', '2021-03-09 17:05:20'),
(522, 'JQ6epfToIsbUjghyWJm5', NULL, '2021-03-09 17:05:20', '2021-03-09 17:05:20'),
(523, 'sfOk9hW9xdytZtO5XEO9', NULL, '2021-03-09 17:05:20', '2021-03-09 17:05:20'),
(524, 'ZbpJztS1g8A26YMfN6b7', NULL, '2021-03-09 17:05:20', '2021-03-09 17:05:20'),
(525, 'i7kPWz35dAFE8fUzQrep', NULL, '2021-03-09 17:05:20', '2021-03-09 17:05:20'),
(526, '1odPlZxaakXhE3svkWB6', NULL, '2021-03-09 17:05:20', '2021-03-09 17:05:20'),
(527, 'Z40IrVd2VntWTo2zwYa4', NULL, '2021-03-09 17:05:20', '2021-03-09 17:05:20'),
(528, 'd5NmaHmWRzl5Tj1tJ2o8', NULL, '2021-03-09 17:05:20', '2021-03-09 17:05:20'),
(529, 'iSYr9oLuAkwU85D3u52J', NULL, '2021-03-09 17:05:20', '2021-03-09 17:05:20'),
(530, 'MUvcEoqCQMN6rhuvz951', 32, '2021-03-09 17:05:20', '2021-03-09 17:05:20'),
(531, 'RpahKGvTp4zx3YHielbj', NULL, '2021-03-09 17:05:20', '2021-03-09 17:05:20'),
(532, 'OFDBxT7GLEGhYxttZPZV', NULL, '2021-03-09 17:05:20', '2021-03-09 17:05:20'),
(533, 'CBlY8hRj8aCMS0sK52vV', NULL, '2021-03-09 17:05:20', '2021-03-09 17:05:20'),
(534, 'klwbv4IjN0sOmPp2dChC', NULL, '2021-03-09 17:05:20', '2021-03-09 17:05:20'),
(535, 'LJ7cKYjtbfwNERQRx7bM', NULL, '2021-03-09 17:05:20', '2021-03-09 17:05:20'),
(536, 'WA9mi7Jt57e7t6lSaI4d', NULL, '2021-03-09 17:05:20', '2021-03-09 17:05:20'),
(537, 'sElSxU98S41dN0Ao4qmg', 72, '2021-03-09 17:05:20', '2021-03-09 17:05:20'),
(538, 'JFbFuRILLtBkZeed6PTt', NULL, '2021-03-09 17:05:20', '2021-03-09 17:05:20'),
(539, 'lvIS5coEcbG2kAgG90JY', NULL, '2021-03-09 17:05:20', '2021-03-09 17:05:20'),
(540, 'uwZOkCVH2O7e8UFYpZsV', NULL, '2021-03-09 17:05:20', '2021-03-09 17:05:20'),
(541, 'fmkPcXdKqJsDPDe2Sjcj', NULL, '2021-03-09 17:05:20', '2021-03-09 17:05:20'),
(542, 'jRfbM6bh7GlqVpnXE8Aq', 77, '2021-03-09 17:05:20', '2021-03-09 17:05:20'),
(543, 'BdvfhF5HsIIFGSFxukOz', NULL, '2021-03-09 17:05:20', '2021-03-09 17:05:20'),
(544, 'eiAsAMQperwKSdaollm1', NULL, '2021-03-09 17:05:20', '2021-03-09 17:05:20'),
(545, 'v9kDonaKF3bsISmcPxpq', 18, '2021-03-09 17:05:20', '2021-03-09 17:05:20'),
(546, 'Aqs4tOa9WKbKVw8YRm8H', NULL, '2021-03-09 17:05:20', '2021-03-09 17:05:20'),
(547, 'UcK1spCYKqJyyhhMQdDG', NULL, '2021-03-09 17:05:20', '2021-03-09 17:05:20'),
(548, '1ObCOdPUxqSvUn7lNvTl', NULL, '2021-03-09 17:05:20', '2021-03-09 17:05:20'),
(549, 'KX0cutYivBkzm0grZql4', 10, '2021-03-09 17:05:20', '2021-03-09 17:05:20'),
(550, '7rUMZ8xXMuAFQJ0iR9rd', 12, '2021-03-09 17:05:20', '2021-03-09 17:05:20'),
(551, 'rFkgAnvCfzZPRxZaUs0o', NULL, '2021-03-09 17:05:20', '2021-03-09 17:05:20'),
(552, 'Kuml3fhAbWGL4skBCDEu', NULL, '2021-03-09 17:05:20', '2021-03-09 17:05:20'),
(553, 'sk4Ay70rhn6evhge0KNt', NULL, '2021-03-09 17:05:20', '2021-03-09 17:05:20'),
(554, 'Mi0LrwLa5YooQD0DM9Lx', NULL, '2021-03-09 17:05:20', '2021-03-09 17:05:20'),
(555, '7XJsQMayFmv3330to9OX', NULL, '2021-03-09 17:05:20', '2021-03-09 17:05:20'),
(556, 'Eeftq2ExNcY1EwjgKCFx', NULL, '2021-03-09 17:05:20', '2021-03-09 17:05:20'),
(557, 'uL1mqpeUECLAJr2CYRxz', NULL, '2021-03-09 17:05:20', '2021-03-09 17:05:20'),
(558, 'uSmj6E2GFXr6f73Nje2z', NULL, '2021-03-09 17:05:20', '2021-03-09 17:05:20'),
(559, 'fQxLcwKWYUalIPs4n23O', NULL, '2021-03-09 17:05:20', '2021-03-09 17:05:20'),
(560, 'GPhL94lmP9f8pDAqBYjI', NULL, '2021-03-09 17:05:20', '2021-03-09 17:05:20'),
(561, '9kyjyireEA6ZUlXtuG7c', NULL, '2021-03-09 17:05:20', '2021-03-09 17:05:20'),
(562, '91YAty5vvjOrfV8fGb45', NULL, '2021-03-09 17:05:20', '2021-03-09 17:05:20'),
(563, 'dygFuJsl2BX5pquvgxXu', NULL, '2021-03-09 17:05:20', '2021-03-09 17:05:20'),
(564, 'LxHI9APbTgJqoZzVWeZb', NULL, '2021-03-09 17:05:20', '2021-03-09 17:05:20'),
(565, 'ul3Kh9zSAABTuqaHqZls', NULL, '2021-03-09 17:05:20', '2021-03-09 17:05:20'),
(566, 'xZpWNiMgj7FVksyLtRxK', NULL, '2021-03-09 17:05:20', '2021-03-09 17:05:20'),
(567, 'PKH0MMY0YYmytgonBod3', NULL, '2021-03-09 17:05:20', '2021-03-09 17:05:20'),
(568, 'sEciCSoXoenWdgE7pZBq', NULL, '2021-03-09 17:05:20', '2021-03-09 17:05:20'),
(569, 'hm1XPfVInJyeOnoVA3kn', NULL, '2021-03-09 17:05:20', '2021-03-09 17:05:20'),
(570, 'GTAKQKnQMFJvw3FYbBka', NULL, '2021-03-09 17:05:20', '2021-03-09 17:05:20'),
(571, '8Yemuu3yGZ4APZLfknr5', NULL, '2021-03-09 17:05:20', '2021-03-09 17:05:20'),
(572, 'DZ5zDBGMfnjBBcwqsXnj', NULL, '2021-03-09 17:05:20', '2021-03-09 17:05:20'),
(573, 'fWKukJcwQq2MOJ30RjXQ', NULL, '2021-03-09 17:05:20', '2021-03-09 17:05:20'),
(574, 's9eBY4cPXD5ax6i8jMbT', NULL, '2021-03-09 17:05:20', '2021-03-09 17:05:20'),
(575, 'Om5OCIkQvkIV6VDOf05W', NULL, '2021-03-09 17:05:20', '2021-03-09 17:05:20'),
(576, 'YJeXniLtBlbR46iC72Ng', 28, '2021-03-09 17:05:20', '2021-03-09 17:05:20'),
(577, 'D0HIEowHXTbxKzSRltHS', NULL, '2021-03-09 17:05:20', '2021-03-09 17:05:20'),
(578, '6yj2CHhUL7TVieH5dKaC', NULL, '2021-03-09 17:05:20', '2021-03-09 17:05:20'),
(579, 'teTd4cBVXRWFzT6tqh5k', NULL, '2021-03-09 17:05:20', '2021-03-09 17:05:20'),
(580, 'JQiJxM1o8FHLnxQs6wUP', NULL, '2021-03-09 17:05:20', '2021-03-09 17:05:20'),
(581, 'dBUSyIsU48rrshEu0SLN', NULL, '2021-03-09 17:05:20', '2021-03-09 17:05:20'),
(582, '6aH5QXcjD016W5F2mrKf', 41, '2021-03-09 17:05:20', '2021-03-09 17:05:20'),
(583, 'rDToL0WEHJjhWNUd1CU8', 17, '2021-03-09 17:05:20', '2021-03-09 17:05:20'),
(584, 'sqY7p0LiGIxO2dyZUlDr', NULL, '2021-03-09 17:05:20', '2021-03-09 17:05:20'),
(585, 'eX8LLSzeRud3w2po9t2e', NULL, '2021-03-09 17:05:20', '2021-03-09 17:05:20'),
(586, 'OGGPYtstfRRumzYBfHmP', NULL, '2021-03-09 17:05:20', '2021-03-09 17:05:20'),
(587, 'X0AANyScT2mFMsBu5fUR', NULL, '2021-03-09 17:05:20', '2021-03-09 17:05:20'),
(588, 'iWqe3PjdTUp9qBVcGX3t', NULL, '2021-03-09 17:05:20', '2021-03-09 17:05:20'),
(589, 'v1n4Iy5siBSDWMSdCWzY', NULL, '2021-03-09 17:05:20', '2021-03-09 17:05:20'),
(590, 'UzERdOQ4aSzoXXmgFdOB', NULL, '2021-03-09 17:05:20', '2021-03-09 17:05:20'),
(591, 'aCPKrld6x2hMZauyxF32', NULL, '2021-03-09 17:05:20', '2021-03-09 17:05:20'),
(592, '6ZWNY60GjpENz2VmKoJm', NULL, '2021-03-09 17:05:20', '2021-03-09 17:05:20'),
(593, 'NS8mvZ53TSmhwRsXaonw', NULL, '2021-03-09 17:05:20', '2021-03-09 17:05:20'),
(594, 'qSFTcm1kDTLYDV0uUHWe', NULL, '2021-03-09 17:05:20', '2021-03-09 17:05:20'),
(595, 'LJyCN9axvdKklzOP7nsq', NULL, '2021-03-09 17:05:20', '2021-03-09 17:05:20'),
(596, 'N2BSUJAemPGPUpXDThJz', 50, '2021-03-09 17:05:20', '2021-03-09 17:05:20'),
(597, 'juwN6ztEABj0mtlDUvsp', NULL, '2021-03-09 17:05:20', '2021-03-09 17:05:20'),
(598, 'ov8nX7zjgjiHMMbU6lro', NULL, '2021-03-09 17:05:20', '2021-03-09 17:05:20'),
(599, '0vHgPF4PCAq4ACFTh3jL', 6, '2021-03-09 17:05:20', '2021-03-09 17:05:20'),
(600, 'mFtsCLkUAltOvKBuj4wR', NULL, '2021-03-09 17:05:20', '2021-03-09 17:05:20'),
(601, '1EYnIeSYzzgpcX03kBTh', 71, '2021-03-09 17:05:20', '2021-03-09 17:05:20'),
(602, '87XMsN2VnghzX4iWtZVm', 36, '2021-03-09 17:05:20', '2021-03-09 17:05:20');

-- --------------------------------------------------------

--
-- Struktur dari tabel `migrations`
--

CREATE TABLE `migrations` (
  `id` int(10) UNSIGNED NOT NULL,
  `migration` varchar(255) COLLATE utf8mb4_unicode_ci NOT NULL,
  `batch` int(11) NOT NULL
) ENGINE=InnoDB DEFAULT CHARSET=utf8mb4 COLLATE=utf8mb4_unicode_ci;

--
-- Dumping data untuk tabel `migrations`
--

INSERT INTO `migrations` (`id`, `migration`, `batch`) VALUES
(30, '2014_10_12_000000_create_users_table', 1),
(31, '2014_10_12_100000_create_password_resets_table', 1),
(32, '2014_10_12_200000_add_two_factor_columns_to_users_table', 1),
(33, '2019_12_14_000001_create_personal_access_tokens_table', 1),
(34, '2021_02_17_033213_create_sessions_table', 1),
(35, '2021_02_17_095654_jeniusar', 1);

-- --------------------------------------------------------

--
-- Struktur dari tabel `password_resets`
--

CREATE TABLE `password_resets` (
  `email` varchar(255) COLLATE utf8mb4_unicode_ci NOT NULL,
  `token` varchar(255) COLLATE utf8mb4_unicode_ci NOT NULL,
  `created_at` timestamp NULL DEFAULT current_timestamp()
) ENGINE=InnoDB DEFAULT CHARSET=utf8mb4 COLLATE=utf8mb4_unicode_ci;

-- --------------------------------------------------------

--
-- Struktur dari tabel `personal_access_tokens`
--

CREATE TABLE `personal_access_tokens` (
  `id` bigint(20) UNSIGNED NOT NULL,
  `tokenable_type` varchar(255) COLLATE utf8mb4_unicode_ci NOT NULL,
  `tokenable_id` bigint(20) UNSIGNED NOT NULL,
  `name` varchar(255) COLLATE utf8mb4_unicode_ci NOT NULL,
  `token` varchar(64) COLLATE utf8mb4_unicode_ci NOT NULL,
  `abilities` text COLLATE utf8mb4_unicode_ci DEFAULT NULL,
  `last_used_at` timestamp NULL DEFAULT current_timestamp(),
  `created_at` timestamp NULL DEFAULT current_timestamp(),
  `updated_at` timestamp NULL DEFAULT current_timestamp()
) ENGINE=InnoDB DEFAULT CHARSET=utf8mb4 COLLATE=utf8mb4_unicode_ci;

-- --------------------------------------------------------

--
-- Struktur dari tabel `profile`
--

CREATE TABLE `profile` (
  `id` bigint(20) UNSIGNED NOT NULL,
  `name` varchar(255) COLLATE utf8mb4_unicode_ci NOT NULL,
  `user_id` bigint(20) UNSIGNED NOT NULL,
  `created_at` timestamp NULL DEFAULT current_timestamp(),
  `updated_at` timestamp NULL DEFAULT current_timestamp()
) ENGINE=InnoDB DEFAULT CHARSET=utf8mb4 COLLATE=utf8mb4_unicode_ci;

--
-- Dumping data untuk tabel `profile`
--

INSERT INTO `profile` (`id`, `name`, `user_id`, `created_at`, `updated_at`) VALUES
(1, 'adel11', 1, '2021-03-10 00:02:38', '2021-03-10 00:02:38'),
(2, 'admin', 2, '2021-03-10 00:02:38', '2021-03-10 00:02:38'),
(3, 'afnan', 3, '2021-03-10 00:02:38', '2021-03-10 00:02:38'),
(4, 'aisyah', 4, '2021-03-10 00:02:38', '2021-03-10 00:02:38'),
(5, 'Al1', 5, '2021-03-10 00:02:38', '2021-03-10 00:02:38'),
(6, 'alfatih', 6, '2021-03-10 00:02:38', '2021-03-10 00:02:38'),
(7, 'alfayhan', 7, '2021-03-10 00:02:38', '2021-03-10 00:02:38'),
(8, 'anaia', 8, '2021-03-10 00:02:38', '2021-03-10 00:02:38'),
(9, 'Ancha', 9, '2021-03-10 00:02:38', '2021-03-10 00:02:38'),
(10, 'apunasa', 10, '2021-03-10 00:02:38', '2021-03-10 00:02:38'),
(11, 'Arsen', 11, '2021-03-10 00:02:38', '2021-03-10 00:02:38'),
(12, 'arwa123', 12, '2021-03-10 00:02:38', '2021-03-10 00:02:38'),
(13, 'asril', 13, '2021-03-10 00:02:38', '2021-03-10 00:02:38'),
(14, 'azbee1', 14, '2021-03-10 00:02:38', '2021-03-10 00:02:38'),
(15, 'azbee2', 15, '2021-03-10 00:02:38', '2021-03-10 00:02:38'),
(16, 'azima', 16, '2021-03-10 00:02:38', '2021-03-10 00:02:38'),
(17, 'BenuaXandega', 17, '2021-03-10 00:02:38', '2021-03-10 00:02:38'),
(18, 'dahlia', 18, '2021-03-10 00:02:38', '2021-03-10 00:02:38'),
(19, 'devit', 19, '2021-03-10 00:02:38', '2021-03-10 00:02:38'),
(20, 'diah', 20, '2021-03-10 00:02:38', '2021-03-10 00:02:38'),
(21, 'Didi Suradi', 21, '2021-03-10 00:02:38', '2021-03-10 00:02:38'),
(22, 'dio', 22, '2021-03-10 00:02:38', '2021-03-10 00:02:38'),
(23, 'edo', 23, '2021-03-10 00:02:38', '2021-03-10 00:02:38'),
(24, 'Elvira', 24, '2021-03-10 00:02:38', '2021-03-10 00:02:38'),
(25, 'endah', 25, '2021-03-10 00:02:38', '2021-03-10 00:02:38'),
(26, 'faeyza', 26, '2021-03-10 00:02:38', '2021-03-10 00:02:38'),
(27, 'fajar cahyo', 27, '2021-03-10 00:02:38', '2021-03-10 00:02:38'),
(28, 'falah', 28, '2021-03-10 00:02:38', '2021-03-10 00:02:38'),
(29, 'fathanakira', 29, '2021-03-10 00:02:38', '2021-03-10 00:02:38'),
(30, 'fatikhatun', 30, '2021-03-10 00:02:38', '2021-03-10 00:02:38'),
(31, 'fatimah', 31, '2021-03-10 00:02:38', '2021-03-10 00:02:38'),
(32, 'fazamukhlis', 32, '2021-03-10 00:02:38', '2021-03-10 00:02:38'),
(33, 'ferismayanti', 33, '2021-03-10 00:02:38', '2021-03-10 00:02:38'),
(34, 'gigikuda', 34, '2021-03-10 00:02:38', '2021-03-10 00:02:38'),
(35, 'hafiza khaira lubna', 35, '2021-03-10 00:02:38', '2021-03-10 00:02:38'),
(36, 'hernaini', 36, '2021-03-10 00:02:38', '2021-03-10 00:02:38'),
(37, 'hisyaam', 37, '2021-03-10 00:02:38', '2021-03-10 00:02:38'),
(38, 'junhidayat', 38, '2021-03-10 00:02:38', '2021-03-10 00:02:38'),
(39, 'kaisan', 39, '2021-03-10 00:02:38', '2021-03-10 00:02:38'),
(40, 'kayla', 40, '2021-03-10 00:02:38', '2021-03-10 00:02:38'),
(41, 'Kendra', 41, '2021-03-10 00:02:38', '2021-03-10 00:02:38'),
(42, 'khaerul', 42, '2021-03-10 00:02:38', '2021-03-10 00:02:38'),
(43, 'kingbounce', 43, '2021-03-10 00:02:38', '2021-03-10 00:02:38'),
(44, 'linda', 44, '2021-03-10 00:02:38', '2021-03-10 00:02:38'),
(45, 'lukman', 45, '2021-03-10 00:02:38', '2021-03-10 00:02:38'),
(46, 'luthfillah', 46, '2021-03-10 00:02:38', '2021-03-10 00:02:38'),
(47, 'mariam', 47, '2021-03-10 00:02:38', '2021-03-10 00:02:38'),
(48, 'Maryam', 48, '2021-03-10 00:02:38', '2021-03-10 00:02:38'),
(49, 'Melodiana', 49, '2021-03-10 00:02:38', '2021-03-10 00:02:38'),
(50, 'Miss Oci', 50, '2021-03-10 00:02:38', '2021-03-10 00:02:38'),
(51, 'mukhlis', 51, '2021-03-10 00:02:38', '2021-03-10 00:02:38'),
(52, 'musfi', 52, '2021-03-10 00:02:38', '2021-03-10 00:02:38'),
(53, 'nagara', 53, '2021-03-10 00:02:38', '2021-03-10 00:02:38'),
(54, 'Nayunda_senja', 54, '2021-03-10 00:02:38', '2021-03-10 00:02:38'),
(55, 'nurning', 55, '2021-03-10 00:02:38', '2021-03-10 00:02:38'),
(56, 'pgtk', 56, '2021-03-10 00:02:38', '2021-03-10 00:02:38'),
(57, 'rhofiqohdwi', 57, '2021-03-10 00:02:38', '2021-03-10 00:02:38'),
(58, 'riswandi', 58, '2021-03-10 00:02:38', '2021-03-10 00:02:38'),
(59, 'roni', 59, '2021-03-10 00:02:38', '2021-03-10 00:02:38'),
(60, 'rosa', 60, '2021-03-10 00:02:38', '2021-03-10 00:02:38'),
(61, 'rudianto85', 61, '2021-03-10 00:02:38', '2021-03-10 00:02:38'),
(62, 'rustam', 62, '2021-03-10 00:02:38', '2021-03-10 00:02:38'),
(63, 'Salman', 63, '2021-03-10 00:02:38', '2021-03-10 00:02:38'),
(64, 'sybillaudrey', 64, '2021-03-10 00:02:38', '2021-03-10 00:02:38'),
(65, 'Tami', 65, '2021-03-10 00:02:38', '2021-03-10 00:02:38'),
(66, 'tommy', 66, '2021-03-10 00:02:38', '2021-03-10 00:02:38'),
(67, 'toto', 67, '2021-03-10 00:02:38', '2021-03-10 00:02:38'),
(68, 'Tyas', 68, '2021-03-10 00:02:38', '2021-03-10 00:02:38'),
(69, 'ucu', 69, '2021-03-10 00:02:38', '2021-03-10 00:02:38'),
(70, 'uswah', 70, '2021-03-10 00:02:38', '2021-03-10 00:02:38'),
(71, 'vebriyan', 71, '2021-03-10 00:02:38', '2021-03-10 00:02:38'),
(72, 'Vela', 72, '2021-03-10 00:02:38', '2021-03-10 00:02:38'),
(73, 'watie', 73, '2021-03-10 00:02:38', '2021-03-10 00:02:38'),
(74, 'wiwin', 74, '2021-03-10 00:02:38', '2021-03-10 00:02:38'),
(75, 'yuli', 75, '2021-03-10 00:02:38', '2021-03-10 00:02:38'),
(76, 'yunita', 76, '2021-03-10 00:02:38', '2021-03-10 00:02:38'),
(77, 'zelda', 77, '2021-03-10 00:02:38', '2021-03-10 00:02:38'),
(79, 'GII', 79, '2021-04-08 03:44:54', '2021-04-08 03:44:54');

-- --------------------------------------------------------

--
-- Struktur dari tabel `sessions`
--

CREATE TABLE `sessions` (
  `id` varchar(255) COLLATE utf8mb4_unicode_ci NOT NULL,
  `user_id` bigint(20) UNSIGNED DEFAULT NULL,
  `ip_address` varchar(45) COLLATE utf8mb4_unicode_ci DEFAULT NULL,
  `user_agent` text COLLATE utf8mb4_unicode_ci DEFAULT NULL,
  `payload` text COLLATE utf8mb4_unicode_ci NOT NULL,
  `last_activity` int(11) NOT NULL
) ENGINE=InnoDB DEFAULT CHARSET=utf8mb4 COLLATE=utf8mb4_unicode_ci;

--
-- Dumping data untuk tabel `sessions`
--

INSERT INTO `sessions` (`id`, `user_id`, `ip_address`, `user_agent`, `payload`, `last_activity`) VALUES
('ute8VdE4NNnN8faWeD4lt4TB41ndZP3rTJeYJ6aQ', NULL, '192.168.18.8', 'Mozilla/5.0 (Windows NT 10.0; Win64; x64) AppleWebKit/537.36 (KHTML, like Gecko) Chrome/89.0.4389.114 Safari/537.36', 'YTozOntzOjY6Il90b2tlbiI7czo0MDoiMWFRRE5IaFVPY3dUc3dpcGw4WmRUZWhGYWRwdzR6d0Zmb05FbUY2RiI7czo5OiJfcHJldmlvdXMiO2E6MTp7czozOiJ1cmwiO3M6NTE6Imh0dHA6Ly8xOTIuMTY4LjE4LjgvamVuaXVzYXIvc3VjY2Vzcy9hbHJlYWR5LXZlcmlmeSI7fXM6NjoiX2ZsYXNoIjthOjI6e3M6Mzoib2xkIjthOjA6e31zOjM6Im5ldyI7YTowOnt9fX0=', 1617853517);

-- --------------------------------------------------------

--
-- Struktur dari tabel `users`
--

CREATE TABLE `users` (
  `id` bigint(20) UNSIGNED NOT NULL,
  `username` varchar(255) COLLATE utf8mb4_unicode_ci NOT NULL,
  `email` varchar(255) COLLATE utf8mb4_unicode_ci NOT NULL,
  `email_verified_at` timestamp NULL DEFAULT NULL,
  `password` varchar(255) COLLATE utf8mb4_unicode_ci NOT NULL,
  `two_factor_secret` text COLLATE utf8mb4_unicode_ci DEFAULT NULL,
  `two_factor_recovery_codes` text COLLATE utf8mb4_unicode_ci DEFAULT NULL,
  `remember_token` varchar(100) COLLATE utf8mb4_unicode_ci DEFAULT NULL,
  `current_team_id` bigint(20) UNSIGNED DEFAULT NULL,
  `profile_photo_path` text COLLATE utf8mb4_unicode_ci DEFAULT NULL,
  `created_at` timestamp NULL DEFAULT current_timestamp(),
  `updated_at` timestamp NULL DEFAULT current_timestamp()
) ENGINE=InnoDB DEFAULT CHARSET=utf8mb4 COLLATE=utf8mb4_unicode_ci;

--
-- Dumping data untuk tabel `users`
--

INSERT INTO `users` (`id`, `username`, `email`, `email_verified_at`, `password`, `two_factor_secret`, `two_factor_recovery_codes`, `remember_token`, `current_team_id`, `profile_photo_path`, `created_at`, `updated_at`) VALUES
(1, 'adel11', 'scourfox@gmail.com', '2021-03-09 23:45:54', '$2y$10$kamfjuvndkaiwkfjrntooei8HSdbAzbbL9WWO.PeohTPrRpZ0OKT.', NULL, NULL, NULL, NULL, NULL, '2021-03-09 23:45:54', '2021-03-09 23:45:54'),
(2, 'admin', 'tes@gmail.com', '2021-03-09 23:45:54', '$2y$10$kamfjuvndkaiwkfjrntooe/1NOav7kfr30u3RM9BU1W.JyS0oEpD2', NULL, NULL, NULL, NULL, NULL, '2021-03-09 23:45:54', '2021-03-09 23:45:54'),
(3, 'afnan', 'miratul.choir@gmail.com', '2021-03-09 23:45:54', '$2y$10$kamfjuvndkaiwkfjrntooeXu4PFgfXDqJCX1lHyUK74V.c9zBI1nK', NULL, NULL, NULL, NULL, NULL, '2021-03-09 23:45:54', '2021-03-09 23:45:54'),
(4, 'aisyah', 'umar_alatas@yahoo.com', '2021-03-09 23:45:54', '$2y$10$kamfjuvndkaiwkfjrntooe8KrstoyXLKSLPMBGI7hng1M5SzES5.a', NULL, NULL, NULL, NULL, NULL, '2021-03-09 23:45:54', '2021-03-09 23:45:54'),
(5, 'Al1', 'jundi2401@gmail.com', '2021-03-09 23:45:54', '$2y$10$kamfjuvndkaiwkfjrntooengrZJPiLnE/4QFuO7dT9fD3z7MV34vO', NULL, NULL, NULL, NULL, NULL, '2021-03-09 23:45:54', '2021-03-09 23:45:54'),
(6, 'alfatih', 'anggri.nastiti@gmail.com', '2021-03-09 23:45:54', '$2y$10$kamfjuvndkaiwkfjrntooemr4SYguQwkavgUtPYOIpbAQzw5B84Zy', NULL, NULL, NULL, NULL, NULL, '2021-03-09 23:45:54', '2021-03-09 23:45:54'),
(7, 'alfayhan', 'dviergino@gmail.com', '2021-03-09 23:45:54', '$2y$10$kamfjuvndkaiwkfjrntooepL8F03JhoAgoJ0uQ378o/r2SZc0Dqb6', NULL, NULL, NULL, NULL, NULL, '2021-03-09 23:45:54', '2021-03-09 23:45:54'),
(8, 'anaia', 'bundanaiajkt@gmail.com', '2021-03-09 23:45:54', '$2y$10$kamfjuvndkaiwkfjrntooe1XceABaO0Ql5qP5w0UmTYAqn3pbbdSy', NULL, NULL, NULL, NULL, NULL, '2021-03-09 23:45:54', '2021-03-09 23:45:54'),
(9, 'Ancha', 'rahmawatinitadewi@gmail.com', '2021-03-09 23:45:54', '$2y$10$kamfjuvndkaiwkfjrntooek/asTr4Bq3qcXPm0z.DBEiX.Mj8MfpW', NULL, NULL, NULL, NULL, NULL, '2021-03-09 23:45:54', '2021-03-09 23:45:54'),
(10, 'apunasa', 'julankibrata1303@gmail.com', '2021-03-09 23:45:54', '$2y$10$kamfjuvndkaiwkfjrntooex36Kno/58G.g4Bk57K8vIiKxlzHbh4m', NULL, NULL, NULL, NULL, NULL, '2021-03-09 23:45:54', '2021-03-09 23:45:54'),
(11, 'Arsen', 'lia.natalia9028@gmail.com', '2021-03-09 23:45:54', '$2y$10$kamfjuvndkaiwkfjrntooeak/6PBuYVT23sswYB5lWIdop6q7SYga', NULL, NULL, NULL, NULL, NULL, '2021-03-09 23:45:54', '2021-03-09 23:45:54'),
(12, 'arwa123', 'zubairabdurrohman@gmail.com', '2021-03-09 23:45:54', '$2y$10$kamfjuvndkaiwkfjrntooeuy4pcZL6elUCN90XFAmVo/Swm5sojw6', NULL, NULL, NULL, NULL, NULL, '2021-03-09 23:45:54', '2021-03-09 23:45:54'),
(13, 'asril', 'asril.smk2@yahoo.co.id', '2021-03-09 23:45:54', '$2y$10$kamfjuvndkaiwkfjrntooeQLA5WHVILQtopurlprcfrdGS032.SyC', NULL, NULL, NULL, NULL, NULL, '2021-03-09 23:45:54', '2021-03-09 23:45:54'),
(14, 'azbee1', 'moch.azbi@gmail.com', '2021-03-09 23:45:54', '$2y$10$kamfjuvndkaiwkfjrntooeBH4gLFy8kr0aNX480F8B.ogSXZ3IGfW', NULL, NULL, NULL, NULL, NULL, '2021-03-09 23:45:54', '2021-03-09 23:45:54'),
(15, 'azbee2', 'rahmatsubakir@outlook.co.id', '2021-03-09 23:45:54', '$2y$10$kamfjuvndkaiwkfjrntooeBH4gLFy8kr0aNX480F8B.ogSXZ3IGfW', NULL, NULL, NULL, NULL, NULL, '2021-03-09 23:45:54', '2021-03-09 23:45:54'),
(16, 'azima', 'azimaabror@gmail.com', '2021-03-09 23:45:54', '$2y$10$kamfjuvndkaiwkfjrntooeIRYeJdCKZjsG18WsFDc3JzjGIzo3FJu', NULL, NULL, NULL, NULL, NULL, '2021-03-09 23:45:54', '2021-03-09 23:45:54'),
(17, 'BenuaXandega', 'raden.bambang.risdianto@gmail.com', '2021-03-09 23:45:54', '$2y$10$kamfjuvndkaiwkfjrntooeUF7Wvb81PuIUlxyMi7mndKAIsrneT5W', NULL, NULL, NULL, NULL, NULL, '2021-03-09 23:45:54', '2021-03-09 23:45:54'),
(18, 'dahlia', 'dinda.alifia86@gmail.com', '2021-03-09 23:45:54', '$2y$10$kamfjuvndkaiwkfjrntooe3ellF9JS2m95mLz8GnYMc1qXdbED.eW', NULL, NULL, NULL, NULL, NULL, '2021-03-09 23:45:54', '2021-03-09 23:45:54'),
(19, 'devit', 'devit788@gmail.com', '2021-03-09 23:45:54', '$2y$10$kamfjuvndkaiwkfjrntooeZOmCsRrkdNscgmlYgvaVOMr8lVlslWW', NULL, NULL, NULL, NULL, NULL, '2021-03-09 23:45:54', '2021-03-09 23:45:54'),
(20, 'diah', 'a', '2021-03-09 23:45:54', '$2y$10$kamfjuvndkaiwkfjrntooeJNJ7/yfq/pFNYz6jWr6RxPrN2jVF3.6', NULL, NULL, NULL, NULL, NULL, '2021-03-09 23:45:54', '2021-03-09 23:45:54'),
(21, 'Didi Suradi', 'didisuradi0604@gmail.com', '2021-03-09 23:45:54', '$2y$10$kamfjuvndkaiwkfjrntooeHVNlwxyLyMxobFmfp7aRipDfQNUZ8Ji', NULL, NULL, NULL, NULL, NULL, '2021-03-09 23:45:54', '2021-03-09 23:45:54'),
(22, 'dio', 'lukmanariza@gmail.com', '2021-03-09 23:45:54', '$2y$10$kamfjuvndkaiwkfjrntooeJT7jmeirEl2IgmHnEXWZHnqnSAZpFLK', NULL, NULL, NULL, NULL, NULL, '2021-03-09 23:45:54', '2021-03-09 23:45:54'),
(23, 'edo', 'eduard.esa@gmail.com', '2021-03-09 23:45:54', '$2y$10$kamfjuvndkaiwkfjrntooe4fDDIcf/bmLUKMfY3a7mzgbaIzlhicG', NULL, NULL, NULL, NULL, NULL, '2021-03-09 23:45:54', '2021-03-09 23:45:54'),
(24, 'Elvira', 'jakarta03upiek@yahoo.com', '2021-03-09 23:45:54', '$2y$10$kamfjuvndkaiwkfjrntooesZLx.XEu7kAvHf1YefgWiNhU4bPaZxG', NULL, NULL, NULL, NULL, NULL, '2021-03-09 23:45:54', '2021-03-09 23:45:54'),
(25, 'endah', 'ariani_endah@yahoo.com', '2021-03-09 23:45:54', '$2y$10$kamfjuvndkaiwkfjrntooe3XIC2GxZI2qxZCjajU93lwdFHIS0yPu', NULL, NULL, NULL, NULL, NULL, '2021-03-09 23:45:54', '2021-03-09 23:45:54'),
(26, 'faeyza', 'faefai30@gmail.com', '2021-03-09 23:45:54', '$2y$10$kamfjuvndkaiwkfjrntooe9IOqW6yluXGj.LCIZR6QAVYEjSEBBhK', NULL, NULL, NULL, NULL, NULL, '2021-03-09 23:45:54', '2021-03-09 23:45:54'),
(27, 'fajar cahyo', 'fajarrrcahyooo@gmail.com', '2021-03-09 23:45:54', '$2y$10$kamfjuvndkaiwkfjrntooe5iYLc/715cPHp/ChWDVuUCzPPV5pO.y', NULL, NULL, NULL, NULL, NULL, '2021-03-09 23:45:54', '2021-03-09 23:45:54'),
(28, 'falah', 'falah@gmail.com', '2021-03-09 23:45:54', '$2y$10$kamfjuvndkaiwkfjrntooejLGVP8YuagQrMs6.7.31lxC/S1EbB76', NULL, NULL, NULL, NULL, NULL, '2021-03-09 23:45:54', '2021-03-09 23:45:54'),
(29, 'fathanakira', 'rusnaili1804@gmail.com', '2021-03-09 23:45:54', '$2y$10$kamfjuvndkaiwkfjrntooebwjpXLm0LtqTy6AaNguVSIqwtH.23KC', NULL, NULL, NULL, NULL, NULL, '2021-03-09 23:45:54', '2021-03-09 23:45:54'),
(30, 'fatikhatun', 'aim@students.unnes.ac.id', '2021-03-09 23:45:54', '$2y$10$kamfjuvndkaiwkfjrntooejIDRBI.b5vTohIuBjvNIbUcoYY04sHO', NULL, NULL, NULL, NULL, NULL, '2021-03-09 23:45:54', '2021-03-09 23:45:54'),
(31, 'fatimah', 'fatimahmastura2013@gmail.com', '2021-03-09 23:45:54', '$2y$10$kamfjuvndkaiwkfjrntooefpwhskOjX4j47zV1yWbPEnE.CU9Dmze', NULL, NULL, NULL, NULL, NULL, '2021-03-09 23:45:54', '2021-03-09 23:45:54'),
(32, 'fazamukhlis', 'faza.mukhlis@gmail.com', '2021-03-09 23:45:54', '$2y$10$kamfjuvndkaiwkfjrntooeJA/HaQkj.mWj9.0R.Nn3DSazHdVhIU2', NULL, NULL, NULL, NULL, NULL, '2021-03-09 23:45:54', '2021-03-09 23:45:54'),
(33, 'ferismayanti', 'ferismayanti70@gmail.com', '2021-03-09 23:45:54', '$2y$10$kamfjuvndkaiwkfjrntooeRaBrmbqZrrZMxrZ.MLvIjldIuKpepsK', NULL, NULL, NULL, NULL, NULL, '2021-03-09 23:45:54', '2021-03-09 23:45:54'),
(34, 'gigikuda', 'tomarutokito@gmail.com', '2021-03-09 23:45:54', '$2y$10$kamfjuvndkaiwkfjrntooeUJ5LYZ8eaT64q5wMrJPKETV5cRV/Yni', NULL, NULL, NULL, NULL, NULL, '2021-03-09 23:45:54', '2021-03-09 23:45:54'),
(35, 'hafiza khaira lubna', 'grinks22@gmail.com', '2021-03-09 23:45:54', '$2y$10$kamfjuvndkaiwkfjrntooei8HSdbAzbbL9WWO.PeohTPrRpZ0OKT.', NULL, NULL, NULL, NULL, NULL, '2021-03-09 23:45:54', '2021-03-09 23:45:54'),
(36, 'hernaini', 'hernaininasrul@gmail.com.', '2021-03-09 23:45:54', '$2y$10$kamfjuvndkaiwkfjrntooes0Bg7PhDA5r6IKFo/RrAp.CJyCSxX7O', NULL, NULL, NULL, NULL, NULL, '2021-03-09 23:45:54', '2021-03-09 23:45:54'),
(37, 'hisyaam', 'trisuwarni.mikrotik@gmail.com', '2021-03-09 23:45:54', '$2y$10$kamfjuvndkaiwkfjrntooeRxV5t9HylOg9vqKrQ3usFl4opVRuQcS', NULL, NULL, NULL, NULL, NULL, '2021-03-09 23:45:54', '2021-03-09 23:45:54'),
(38, 'junhidayat', 'junhidayat87@gmail.com', '2021-03-09 23:45:54', '$2y$10$kamfjuvndkaiwkfjrntooeNPMll/REH0R8c4H311ZAjN043RLE2Ha', NULL, NULL, NULL, NULL, NULL, '2021-03-09 23:45:54', '2021-03-09 23:45:54'),
(39, 'kaisan', 'nova15nalia@gmail.com', '2021-03-09 23:45:54', '$2y$10$kamfjuvndkaiwkfjrntooemT6Wj3lGj4RN2CbP3mi4xMl0lD5GW4q', NULL, NULL, NULL, NULL, NULL, '2021-03-09 23:45:54', '2021-03-09 23:45:54'),
(40, 'kayla', 'tonydurensawit@yahoo.com', '2021-03-09 23:45:54', '$2y$10$kamfjuvndkaiwkfjrntooe0PDjREbXDkZ.WTSBJXGeLNx1hY7u.KG', NULL, NULL, NULL, NULL, NULL, '2021-03-09 23:45:54', '2021-03-09 23:45:54'),
(41, 'Kendra', 'putrir053@gmail.com', '2021-03-09 23:45:54', '$2y$10$kamfjuvndkaiwkfjrntooewyqR..u9j/QvTtcZr0eSd6dzPFD5OMC', NULL, NULL, NULL, NULL, NULL, '2021-03-09 23:45:54', '2021-03-09 23:45:54'),
(42, 'khaerul', 'khaerull@gmail.com', '2021-03-09 23:45:54', '$2y$10$kamfjuvndkaiwkfjrntooeBxJr08Lys133dEpULPSX4MTnPVDzywC', NULL, NULL, NULL, NULL, NULL, '2021-03-09 23:45:54', '2021-03-09 23:45:54'),
(43, 'kingbounce', 'kusuma333@gmail.com', '2021-03-09 23:45:54', '$2y$10$kamfjuvndkaiwkfjrntooeuN8tmfX5WK6nrOGIUgW/yhHKKutIrNG', NULL, NULL, NULL, NULL, NULL, '2021-03-09 23:45:54', '2021-03-09 23:45:54'),
(44, 'linda', 'rizkiamaliaa86@gmail.com', '2021-03-09 23:45:54', '$2y$10$kamfjuvndkaiwkfjrntooehIgHn4449Bs4AhvMbeEgJbiyDwzc85W', NULL, NULL, NULL, NULL, NULL, '2021-03-09 23:45:54', '2021-03-09 23:45:54'),
(45, 'lukman', 'rm_lukman@yahoo.co.id', '2021-03-09 23:45:54', '$2y$10$kamfjuvndkaiwkfjrntooetggfhi0inJa3HOCGg8NufuibQZ1Mwh6', NULL, NULL, NULL, NULL, NULL, '2021-03-09 23:45:54', '2021-03-09 23:45:54'),
(46, 'luthfillah', 'ghinaarom@gmail.com', '2021-03-09 23:45:54', '$2y$10$kamfjuvndkaiwkfjrntooelkqrt6b7995l5zZjNkZpTIIzR4wvWa6', NULL, NULL, NULL, NULL, NULL, '2021-03-09 23:45:54', '2021-03-09 23:45:54'),
(47, 'mariam', 'hj.laila16@gmail.com', '2021-03-09 23:45:54', '$2y$10$kamfjuvndkaiwkfjrntooecbOnlLYyfRUm8L6LMNQt03ET/OdYqk.', NULL, NULL, NULL, NULL, NULL, '2021-03-09 23:45:54', '2021-03-09 23:45:54'),
(48, 'Maryam', 'uqiagen@gmail.com', '2021-03-09 23:45:54', '$2y$10$kamfjuvndkaiwkfjrntooe7eXsxUpSz0PmnU2/6xe5iFTiEX3jh4O', NULL, NULL, NULL, NULL, NULL, '2021-03-09 23:45:54', '2021-03-09 23:45:54'),
(49, 'Melodiana', 'nuvis.melodiana@gmail.com', '2021-03-09 23:45:54', '$2y$10$kamfjuvndkaiwkfjrntooe5aFbt3vyvBtLz6ehcRGgCpk3N2899A6', NULL, NULL, NULL, NULL, NULL, '2021-03-09 23:45:54', '2021-03-09 23:45:54'),
(50, 'Miss Oci', 'rosidahrusman@gmail.com', '2021-03-09 23:45:54', '$2y$10$kamfjuvndkaiwkfjrntooe.g2V7hlHrJiuLdoxWIVrTeBHe0p705W', NULL, NULL, NULL, NULL, NULL, '2021-03-09 23:45:54', '2021-03-09 23:45:54'),
(51, 'mukhlis', 'apen.mukhlis@yahoo.com', '2021-03-09 23:45:54', '$2y$10$kamfjuvndkaiwkfjrntooeJA/HaQkj.mWj9.0R.Nn3DSazHdVhIU2', NULL, NULL, NULL, NULL, NULL, '2021-03-09 23:45:54', '2021-03-09 23:45:54'),
(52, 'musfi', 'mellymusfikar@gmail.com', '2021-03-09 23:45:54', '$2y$10$kamfjuvndkaiwkfjrntooePO9U8Ti.SJmqqIZ9gSdsiXf8TA4WyBi', NULL, NULL, NULL, NULL, NULL, '2021-03-09 23:45:54', '2021-03-09 23:45:54'),
(53, 'nagara', 'oviita.nugraha@gmail.com', '2021-03-09 23:45:54', '$2y$10$kamfjuvndkaiwkfjrntooej56.JP4/XJnLsn2f3yMmqaS9yuUxQNq', NULL, NULL, NULL, NULL, NULL, '2021-03-09 23:45:54', '2021-03-09 23:45:54'),
(54, 'Nayunda_senja', 'anggra.ria28@gmail.com', '2021-03-09 23:45:54', '$2y$10$kamfjuvndkaiwkfjrntooefNELwhyV0AhwFMgSuh4jY6qsSjNWwTm', NULL, NULL, NULL, NULL, NULL, '2021-03-09 23:45:54', '2021-03-09 23:45:54'),
(55, 'nurning', 'ninglpmplpg21@gmail.com', '2021-03-09 23:45:54', '$2y$10$kamfjuvndkaiwkfjrntooeqccMF0OUO7tDkpdNXPuWWUJ8wgjyeLG', NULL, NULL, NULL, NULL, NULL, '2021-03-09 23:45:54', '2021-03-09 23:45:54'),
(56, 'pgtk', 'pg.tk@almuslim.sch.id', '2021-03-09 23:45:54', '$2y$10$kamfjuvndkaiwkfjrntooej/rQlCx7bdIDvwBHLenVa9yvpe2qXl6', NULL, NULL, NULL, NULL, NULL, '2021-03-09 23:45:54', '2021-03-09 23:45:54'),
(57, 'rhofiqohdwi', 'rhofiqohdwi27@gmail.com', '2021-03-09 23:45:54', '$2y$10$kamfjuvndkaiwkfjrntooeAeRDE8TTsIzwFGwesaWtKN0vMZ0NeM6', NULL, NULL, NULL, NULL, NULL, '2021-03-09 23:45:54', '2021-03-09 23:45:54'),
(58, 'riswandi', 'riswandiristi@gmail.com', '2021-03-09 23:45:54', '$2y$10$kamfjuvndkaiwkfjrntooeBOHUjX5suyOsJCqICt3XE0aV0NNWEm2', NULL, NULL, NULL, NULL, NULL, '2021-03-09 23:45:54', '2021-03-09 23:45:54'),
(59, 'roni', 'masronisusanto@gmail.com', '2021-03-09 23:45:54', '$2y$10$kamfjuvndkaiwkfjrntooe0vgB5Ias7M/YAAtiktSHfWvi.0ebomm', NULL, NULL, NULL, NULL, NULL, '2021-03-09 23:45:54', '2021-03-09 23:45:54'),
(60, 'rosa', 'rosaverla@gmail.com', '2021-03-09 23:45:54', '$2y$10$kamfjuvndkaiwkfjrntooeX/cGu12MvZkj26Hlg5TKpBQ0m.twG2q', NULL, NULL, NULL, NULL, NULL, '2021-03-09 23:45:54', '2021-03-09 23:45:54'),
(61, 'rudianto85', 'dedy2411@yahoo.com', '2021-03-09 23:45:54', '$2y$10$kamfjuvndkaiwkfjrntooeN384PVofIDNlb71HygkbcIvixiR.a6G', NULL, NULL, NULL, NULL, NULL, '2021-03-09 23:45:54', '2021-03-09 23:45:54'),
(62, 'rustam', 'rustamromianto@gmail.com', '2021-03-09 23:45:54', '$2y$10$kamfjuvndkaiwkfjrntooeJmVgDJstHXyvhWgom6GtJgaXmeMZ5kW', NULL, NULL, NULL, NULL, NULL, '2021-03-09 23:45:54', '2021-03-09 23:45:54'),
(63, 'Salman', 'salmanalghazali2829@gmail.com', '2021-03-09 23:45:54', '$2y$10$kamfjuvndkaiwkfjrntooeV3Rg7NjRaHPVDv8ZXXulDnj0AakWlku', NULL, NULL, NULL, NULL, NULL, '2021-03-09 23:45:54', '2021-03-09 23:45:54'),
(64, 'sybillaudrey', 'hayat.cahaya@yahoo.co.id', '2021-03-09 23:45:54', '$2y$10$kamfjuvndkaiwkfjrntooe/1NOav7kfr30u3RM9BU1W.JyS0oEpD2', NULL, NULL, NULL, NULL, NULL, '2021-03-09 23:45:54', '2021-03-09 23:45:54'),
(65, 'Tami', 'udiah42@gmail.com', '2021-03-09 23:45:54', '$2y$10$kamfjuvndkaiwkfjrntooe/1NOav7kfr30u3RM9BU1W.JyS0oEpD2', NULL, NULL, NULL, NULL, NULL, '2021-03-09 23:45:54', '2021-03-09 23:45:54'),
(66, 'tommy', 'tommymarsan@gmail.com', '2021-03-09 23:45:54', '$2y$10$kamfjuvndkaiwkfjrntooeXbI9aCyuk36RPlqWb6t15WavXQeW6yS', NULL, NULL, NULL, NULL, NULL, '2021-03-09 23:45:54', '2021-03-09 23:45:54'),
(67, 'toto', 'pfuljono@gmail.com', '2021-03-09 23:45:54', '$2y$10$kamfjuvndkaiwkfjrntooeQU106RZyfB1jn7zRnjlW7XucOGTs52G', NULL, NULL, NULL, NULL, NULL, '2021-03-09 23:45:54', '2021-03-09 23:45:54'),
(68, 'Tyas', 'yunita.lestari0806@gmail.com', '2021-03-09 23:45:54', '$2y$10$kamfjuvndkaiwkfjrntooega75rTMH3Ks3nABmlYzBCoZEr/cqs4a', NULL, NULL, NULL, NULL, NULL, '2021-03-09 23:45:54', '2021-03-09 23:45:54'),
(69, 'ucu', 'ucusaadah1983@gmail.com', '2021-03-09 23:45:54', '$2y$10$kamfjuvndkaiwkfjrntooeu0lrCU.SsBFbBq6yz.HNYLOQMyHIv.6', NULL, NULL, NULL, NULL, NULL, '2021-03-09 23:45:54', '2021-03-09 23:45:54'),
(70, 'uswah', 'uswah.ais@gmail.com', '2021-03-09 23:45:54', '$2y$10$kamfjuvndkaiwkfjrntooeDvtqMVW.pdcF7rZMsUSvkOwyeVgbCEa', NULL, NULL, NULL, NULL, NULL, '2021-03-09 23:45:54', '2021-03-09 23:45:54'),
(71, 'vebriyan', 'vebriyan.as@gmail.com', '2021-03-09 23:45:54', '$2y$10$kamfjuvndkaiwkfjrntooex1.3XbaOyRuZKQVdVjUVMYgMQeyT/VK', NULL, NULL, NULL, NULL, NULL, '2021-03-09 23:45:54', '2021-03-09 23:45:54'),
(72, 'Vela', 'velasinaga@gmail.com', '2021-03-09 23:45:54', '$2y$10$kamfjuvndkaiwkfjrntooelVH0gssvExM7/NVow7SoCnQuOkv/dVy', NULL, NULL, NULL, NULL, NULL, '2021-03-09 23:45:54', '2021-03-09 23:45:54'),
(73, 'watie', 'watie_ntr@yahoo.co.id', '2021-03-09 23:45:54', '$2y$10$kamfjuvndkaiwkfjrntooesfZdBTTE.EvvAcCDVsvc1o/sNiIxjKO', NULL, NULL, NULL, NULL, NULL, '2021-03-09 23:45:54', '2021-03-09 23:45:54'),
(74, 'wiwin', 'winarti@teknokrat.ac.id', '2021-03-09 23:45:54', '$2y$10$kamfjuvndkaiwkfjrntooePKF1xcJxJmCrqLOojm.DdDjlU3A6kk2', NULL, NULL, NULL, NULL, NULL, '2021-03-09 23:45:54', '2021-03-09 23:45:54'),
(75, 'yuli', 'astuty9@gmail.com', '2021-03-09 23:45:54', '$2y$10$kamfjuvndkaiwkfjrntooe7CJ5Oyi861dcOtdv8heiE0H1eBNqFQi', NULL, NULL, NULL, NULL, NULL, '2021-03-09 23:45:54', '2021-03-09 23:45:54'),
(76, 'yunita', 'yunitaariani85@gmail.com', '2021-03-09 23:45:54', '$2y$10$kamfjuvndkaiwkfjrntooe/K.P726pNVAzVJbiFxJurTu/kX/dLwG', NULL, NULL, NULL, NULL, NULL, '2021-03-09 23:45:54', '2021-03-09 23:45:54'),
(77, 'zelda', 'zelda.gumilar@gmail.com', '2021-03-09 23:45:54', '$2y$10$kamfjuvndkaiwkfjrntooeikKY22GWAX51Rie1AUbDCTbHvNUiQpm', NULL, NULL, NULL, NULL, NULL, '2021-03-09 23:45:54', '2021-03-09 23:45:54'),
(79, 'gii', 'programmer.falah@gmail.com', '2021-04-08 03:44:54', '$2y$10$Mr1kv/JydPIr1f4MzYGXGuIdQ9c3hCpjS9pbB/rLjVFauZBXjphmG', NULL, NULL, NULL, NULL, NULL, '2021-04-08 03:44:54', '2021-04-09 10:11:01');

--
-- Indexes for dumped tables
--

--
-- Indeks untuk tabel `licence`
--
ALTER TABLE `licence`
  ADD PRIMARY KEY (`id`),
  ADD KEY `licence_user_id_foreign` (`user_id`);

--
-- Indeks untuk tabel `migrations`
--
ALTER TABLE `migrations`
  ADD PRIMARY KEY (`id`);

--
-- Indeks untuk tabel `password_resets`
--
ALTER TABLE `password_resets`
  ADD KEY `password_resets_email_index` (`email`);

--
-- Indeks untuk tabel `personal_access_tokens`
--
ALTER TABLE `personal_access_tokens`
  ADD PRIMARY KEY (`id`),
  ADD UNIQUE KEY `personal_access_tokens_token_unique` (`token`),
  ADD KEY `personal_access_tokens_tokenable_type_tokenable_id_index` (`tokenable_type`,`tokenable_id`);

--
-- Indeks untuk tabel `profile`
--
ALTER TABLE `profile`
  ADD PRIMARY KEY (`id`),
  ADD KEY `profile_user_id_foreign` (`user_id`);

--
-- Indeks untuk tabel `sessions`
--
ALTER TABLE `sessions`
  ADD PRIMARY KEY (`id`),
  ADD KEY `sessions_user_id_index` (`user_id`),
  ADD KEY `sessions_last_activity_index` (`last_activity`);

--
-- Indeks untuk tabel `users`
--
ALTER TABLE `users`
  ADD PRIMARY KEY (`id`),
  ADD UNIQUE KEY `users_email_unique` (`email`);

--
-- AUTO_INCREMENT untuk tabel yang dibuang
--

--
-- AUTO_INCREMENT untuk tabel `licence`
--
ALTER TABLE `licence`
  MODIFY `id` bigint(20) UNSIGNED NOT NULL AUTO_INCREMENT, AUTO_INCREMENT=603;

--
-- AUTO_INCREMENT untuk tabel `migrations`
--
ALTER TABLE `migrations`
  MODIFY `id` int(10) UNSIGNED NOT NULL AUTO_INCREMENT, AUTO_INCREMENT=36;

--
-- AUTO_INCREMENT untuk tabel `personal_access_tokens`
--
ALTER TABLE `personal_access_tokens`
  MODIFY `id` bigint(20) UNSIGNED NOT NULL AUTO_INCREMENT;

--
-- AUTO_INCREMENT untuk tabel `profile`
--
ALTER TABLE `profile`
  MODIFY `id` bigint(20) UNSIGNED NOT NULL AUTO_INCREMENT, AUTO_INCREMENT=80;

--
-- AUTO_INCREMENT untuk tabel `users`
--
ALTER TABLE `users`
  MODIFY `id` bigint(20) UNSIGNED NOT NULL AUTO_INCREMENT, AUTO_INCREMENT=80;

--
-- Ketidakleluasaan untuk tabel pelimpahan (Dumped Tables)
--

--
-- Ketidakleluasaan untuk tabel `licence`
--
ALTER TABLE `licence`
  ADD CONSTRAINT `licence_user_id_foreign` FOREIGN KEY (`user_id`) REFERENCES `users` (`id`) ON DELETE CASCADE ON UPDATE CASCADE;

--
-- Ketidakleluasaan untuk tabel `profile`
--
ALTER TABLE `profile`
  ADD CONSTRAINT `profile_user_id_foreign` FOREIGN KEY (`user_id`) REFERENCES `users` (`id`) ON DELETE CASCADE ON UPDATE CASCADE;
COMMIT;

/*!40101 SET CHARACTER_SET_CLIENT=@OLD_CHARACTER_SET_CLIENT */;
/*!40101 SET CHARACTER_SET_RESULTS=@OLD_CHARACTER_SET_RESULTS */;
/*!40101 SET COLLATION_CONNECTION=@OLD_COLLATION_CONNECTION */;
